<?xml version="1.0" encoding="UTF-8"?>
<math xmlns="http://www.w3.org/1998/Math/MathML" display="block"><semantics><mrow><mi>f</mi><mrow><mrow><mo fence="true" stretchy="false">(</mo><mrow><mi>x</mi></mrow><mo fence="true" stretchy="false">)</mo></mrow><mo stretchy="false">=</mo><mfrac><mn>1</mn><mrow><mi mathvariant="normal">σ</mi><msqrt><mrow><mn>2</mn><mi mathvariant="normal">π</mi></mrow></msqrt></mrow></mfrac></mrow><msup><mi>e</mi><mrow><mo stretchy="false">−</mo><mfrac><msup><mrow><mo fence="true" stretchy="false">(</mo><mrow><mrow><mi>x</mi><mo stretchy="false">−</mo><mi mathvariant="normal">μ</mi></mrow></mrow><mo fence="true" stretchy="false">)</mo></mrow><mn>2</mn></msup><mrow><mn>2</mn><msup><mi mathvariant="normal">σ</mi><mn>2</mn></msup></mrow></mfrac></mrow></msup></mrow><annotation encoding="StarMath 5.0">f ( x ) = {1} over {%sigma sqrt{2%pi} }e^-{{(x-%mu)^2} over {2%sigma^2}}</annotation></semantics></math>