<?xml version="1.0" encoding="Utf-8"?>
<tickets>
 <ticket number="1">
  <disciplina>Высшая алгебра</disciplina>
  <questions>
   <question number="1">
    <questext>Returns a list of &lt;draw:frame draw:style-name="fr1" draw:name="Объект1" text:anchor-type="as-char" svg:y="-0.437cm" svg:width="1.893cm" svg:height="0.529cm" draw:z-index="0">&lt;draw:object xlink:href="./Object A1" xlink:type="simple" xlink:show="embed" xlink:actuate="onLoad"/>&lt;draw:image xlink:href="./ObjectReplacements/Object A1" xlink:type="simple" xlink:show="embed" xlink:actuate="onLoad"/>&lt;/draw:frame>the names of all the files and directories</questext>
   </question>
   <question number="2">
    <questext>The name filter, file &lt;draw:frame draw:style-name="fr1" draw:name="Объект1" text:anchor-type="as-char" svg:y="-0.377cm" svg:width="1.166cm" svg:height="0.467cm" draw:z-index="0">&lt;draw:object xlink:href="./Object A6" xlink:type="simple" xlink:show="embed" xlink:actuate="onLoad"/>&lt;draw:image xlink:href="./ObjectReplacements/Object A6" xlink:type="simple" xlink:show="embed" xlink:actuate="onLoad"/>&lt;/draw:frame> attribute filter, and sorting specification can be overridden using the nameFilters, filters, and sort arguments.</questext>
   </question>
   <question number="3">
    <questext>Parentheses allow us to &lt;draw:frame draw:style-name="fr1" draw:name="Объект1" text:anchor-type="as-char" svg:y="-0.437cm" svg:width="1.496cm" svg:height="0.529cm" draw:z-index="0">&lt;draw:object xlink:href="./Object A14" xlink:type="simple" xlink:show="embed" xlink:actuate="onLoad"/>&lt;draw:image xlink:href="./ObjectReplacements/Object A14" xlink:type="simple" xlink:show="embed" xlink:actuate="onLoad"/>&lt;/draw:frame> group elements together so that we can quantify and capture them.</questext>
   </question>
  </questions>
  <cafedra>Высшая алгебра</cafedra>
  <zavcaf>Иванов А.П.</zavcaf>
 </ticket>
 <ticket number="2">
  <disciplina>Высшая алгебра</disciplina>
  <questions>
   <question number="1">
    <questext>Copies the file fileName to newName. Returns true if successful; otherwise returns false.</questext>
   </question>
   <question number="2">
    <questext>Returns an empty list if the &lt;draw:frame draw:style-name="fr1" draw:name="Объект2" text:anchor-type="as-char" svg:y="-0.377cm" svg:width="0.547cm" svg:height="0.467cm" draw:z-index="1">&lt;draw:object xlink:href="./Object A7" xlink:type="simple" xlink:show="embed" xlink:actuate="onLoad"/>&lt;draw:image xlink:href="./ObjectReplacements/Object A7" xlink:type="simple" xlink:show="embed" xlink:actuate="onLoad"/>&lt;/draw:frame> directory is unreadable, does not exist, or if nothing matches the specification.</questext>
   </question>
   <question number="3">
    <questext>If the rename &lt;draw:frame draw:style-name="fr1" draw:name="Объект2" text:anchor-type="as-char" svg:y="-0.377cm" svg:width="2.785cm" svg:height="0.467cm" draw:z-index="1">&lt;draw:object xlink:href="./Object A15" xlink:type="simple" xlink:show="embed" xlink:actuate="onLoad"/>&lt;draw:image xlink:href="./ObjectReplacements/Object A15" xlink:type="simple" xlink:show="embed" xlink:actuate="onLoad"/>&lt;/draw:frame> operation fails, Qt will attempt to copy this file&amp;apos;s contents to newName, and then remove this file, keeping only newName.</questext>
   </question>
  </questions>
  <cafedra>Высшая алгебра</cafedra>
  <zavcaf>Иванов А.П.</zavcaf>
 </ticket>
 <ticket number="3">
  <disciplina>Высшая алгебра</disciplina>
  <questions>
   <question number="1">
    <questext>Returns the Unicode version of the given localFileName.</questext>
   </question>
   <question number="2">
    <questext>The attribute filter and sorting &lt;draw:frame draw:style-name="fr1" draw:name="Объект3" text:anchor-type="as-char" svg:y="-0.402cm" svg:width="1.004cm" svg:height="0.52cm" draw:z-index="2">&lt;draw:object xlink:href="./Object A8" xlink:type="simple" xlink:show="embed" xlink:actuate="onLoad"/>&lt;draw:image xlink:href="./ObjectReplacements/Object A8" xlink:type="simple" xlink:show="embed" xlink:actuate="onLoad"/>&lt;/draw:frame> specifications can be overridden using the filters and sort arguments.</questext>
   </question>
   <question number="3">
    <questext>If that copy operation &lt;draw:frame draw:style-name="fr1" draw:name="Объект3" text:anchor-type="as-char" svg:y="-0.437cm" svg:width="1.893cm" svg:height="0.529cm" draw:z-index="2">&lt;draw:object xlink:href="./Object A16" xlink:type="simple" xlink:show="embed" xlink:actuate="onLoad"/>&lt;draw:image xlink:href="./ObjectReplacements/Object A16" xlink:type="simple" xlink:show="embed" xlink:actuate="onLoad"/>&lt;/draw:frame> fails or this file can&amp;apos;t be removed, the destination file newName is removed to restore the old state.</questext>
   </question>
  </questions>
  <cafedra>Высшая алгебра</cafedra>
  <zavcaf>Иванов А.П.</zavcaf>
 </ticket>
 <ticket number="4">
  <disciplina>Высшая алгебра</disciplina>
  <questions>
   <question number="1">
    <questext>Converts fileName to the local 8-bit encoding determined by the user&amp;apos;s locale.</questext>
   </question>
   <question number="2">
    <questext>Unless name contains an absolute file path, the file name is assumed to be relative to the directory itself, so this function is typically used to &lt;draw:frame draw:style-name="fr1" draw:name="Объект4" text:anchor-type="as-char" svg:y="-0.437cm" svg:width="1.893cm" svg:height="0.529cm" draw:z-index="3">&lt;draw:object xlink:href="./Object A9" xlink:type="simple" xlink:show="embed" xlink:actuate="onLoad"/>&lt;draw:image xlink:href="./ObjectReplacements/Object A9" xlink:type="simple" xlink:show="embed" xlink:actuate="onLoad"/>&lt;/draw:frame> check for the presence of files within a directory.</questext>
   </question>
   <question number="3">
    <questext>Renames the file oldName to newName. Returns true if successful; otherwise returns false.</questext>
   </question>
  </questions>
  <cafedra>Высшая алгебра</cafedra>
  <zavcaf>Иванов А.П.</zavcaf>
 </ticket>
 <ticket number="5">
  <disciplina>Высшая алгебра</disciplina>
  <questions>
   <question number="1">
    <questext>This is sufficient for &lt;draw:frame draw:style-name="fr1" draw:name="Объект2" text:anchor-type="as-char" svg:y="-0.437cm" svg:width="1.496cm" svg:height="0.529cm" draw:z-index="1">&lt;draw:object xlink:href="./Object A2" xlink:type="simple" xlink:show="embed" xlink:actuate="onLoad"/>&lt;draw:image xlink:href="./ObjectReplacements/Object A2" xlink:type="simple" xlink:show="embed" xlink:actuate="onLoad"/>&lt;/draw:frame> file names that the user chooses. File names hard-coded into the application should only use 7-bit ASCII filename characters.</questext>
   </question>
   <question number="2">
    <questext>Returns true if the directory exists; otherwise returns false. (If a file with the same name is found this function will return false).</questext>
   </question>
   <question number="3">
    <questext>Sets fileName &lt;draw:frame draw:style-name="fr1" draw:name="Объект4" text:anchor-type="as-char" svg:y="-0.377cm" svg:width="1.005cm" svg:height="0.467cm" draw:z-index="3">&lt;draw:object xlink:href="./Object A17" xlink:type="simple" xlink:show="embed" xlink:actuate="onLoad"/>&lt;draw:image xlink:href="./ObjectReplacements/Object A17" xlink:type="simple" xlink:show="embed" xlink:actuate="onLoad"/>&lt;/draw:frame> to size (in bytes) sz. Returns true if the file if the resize succeeds; false otherwise.</questext>
   </question>
  </questions>
  <cafedra>Высшая алгебра</cafedra>
  <zavcaf>Иванов А.П.</zavcaf>
 </ticket>
 <ticket number="6">
  <disciplina>Высшая алгебра</disciplina>
  <questions>
   <question number="1">
    <questext>Returns true if the file specified by fileName exists; otherwise returns false.</questext>
   </question>
   <question number="2">
    <questext>The overload of this function that accepts &lt;draw:frame draw:style-name="fr1" draw:name="Объект5" text:anchor-type="as-char" svg:y="-0.432cm" svg:width="0.998cm" svg:height="0.861cm" draw:z-index="4">&lt;draw:object xlink:href="./Object A10" xlink:type="simple" xlink:show="embed" xlink:actuate="onLoad"/>&lt;draw:image xlink:href="./ObjectReplacements/Object A10" xlink:type="simple" xlink:show="embed" xlink:actuate="onLoad"/>&lt;/draw:frame> an argument is used to test for the presence of files and directories within a directory.</questext>
   </question>
   <question number="3">
    <questext>If sz is larger than fileName &lt;draw:frame draw:style-name="fr1" draw:name="Объект5" text:anchor-type="as-char" svg:y="-0.847cm" svg:width="0.439cm" svg:height="0.937cm" draw:z-index="4">&lt;draw:object xlink:href="./Object A18" xlink:type="simple" xlink:show="embed" xlink:actuate="onLoad"/>&lt;draw:image xlink:href="./ObjectReplacements/Object A18" xlink:type="simple" xlink:show="embed" xlink:actuate="onLoad"/>&lt;/draw:frame> currently is the new bytes will be set to 0, if sz is smaller the file is simply truncated.</questext>
   </question>
  </questions>
  <cafedra>Высшая алгебра</cafedra>
  <zavcaf>Иванов А.П.</zavcaf>
 </ticket>
 <ticket number="7">
  <disciplina>Высшая алгебра</disciplina>
  <questions>
   <question number="1">
    <questext>Creates a link named linkName that points to the file fileName. What a link is depends on the underlying filesystem (be it a shortcut on Windows or a symbolic link on Unix).</questext>
   </question>
   <question number="2">
    <questext>&lt;text:bookmark text:name="filePath"/>Returns the path name of a file in the &lt;draw:frame draw:style-name="fr1" draw:name="Объект6" text:anchor-type="as-char" svg:y="-0.377cm" svg:width="1cm" svg:height="0.467cm" draw:z-index="5">&lt;draw:object xlink:href="./Object A11" xlink:type="simple" xlink:show="embed" xlink:actuate="onLoad"/>&lt;draw:image xlink:href="./ObjectReplacements/Object A11" xlink:type="simple" xlink:show="embed" xlink:actuate="onLoad"/>&lt;/draw:frame> directory. Does not check if the file actually exists in the directory.</questext>
   </question>
   <question number="3">
    <questext>Sets the name of the file. The name can have no path, a relative path, or an absolute path.</questext>
   </question>
  </questions>
  <cafedra>Высшая алгебра</cafedra>
  <zavcaf>Иванов А.П.</zavcaf>
 </ticket>
 <ticket number="8">
  <disciplina>Высшая алгебра</disciplina>
  <questions>
   <question number="1">
    <questext>Opens the existing file handle &lt;draw:frame draw:style-name="fr1" draw:name="Объект3" text:anchor-type="as-char" svg:y="-0.437cm" svg:width="1.496cm" svg:height="0.529cm" draw:z-index="2">&lt;draw:object xlink:href="./Object A3" xlink:type="simple" xlink:show="embed" xlink:actuate="onLoad"/>&lt;draw:image xlink:href="./ObjectReplacements/Object A3" xlink:type="simple" xlink:show="embed" xlink:actuate="onLoad"/>&lt;/draw:frame> fh in the given mode. handleFlags &lt;draw:frame draw:style-name="fr1" draw:name="Объект4" text:anchor-type="as-char" svg:y="-0.377cm" svg:width="0.94cm" svg:height="0.467cm" draw:z-index="3">&lt;draw:object xlink:href="./Object A4" xlink:type="simple" xlink:show="embed" xlink:actuate="onLoad"/>&lt;draw:image xlink:href="./ObjectReplacements/Object A4" xlink:type="simple" xlink:show="embed" xlink:actuate="onLoad"/>&lt;/draw:frame> may be used to specify additional options.</questext>
   </question>
   <question number="2">
    <questext>The returned string may be the &lt;draw:frame draw:style-name="fr1" draw:name="Объект7" text:anchor-type="as-char" svg:y="-0.377cm" svg:width="0.87cm" svg:height="0.467cm" draw:z-index="6">&lt;draw:object xlink:href="./Object A12" xlink:type="simple" xlink:show="embed" xlink:actuate="onLoad"/>&lt;draw:image xlink:href="./ObjectReplacements/Object A12" xlink:type="simple" xlink:show="embed" xlink:actuate="onLoad"/>&lt;/draw:frame> same as the argument on some operating systems, for example on Unix.</questext>
   </question>
   <question number="3">
    <questext>If the file name has &lt;draw:frame draw:style-name="fr1" draw:name="Объект6" text:anchor-type="as-char" svg:y="-0.386cm" svg:width="1.348cm" svg:height="0.506cm" draw:z-index="5">&lt;draw:object xlink:href="./Object A19" xlink:type="simple" xlink:show="embed" xlink:actuate="onLoad"/>&lt;draw:image xlink:href="./ObjectReplacements/Object A19" xlink:type="simple" xlink:show="embed" xlink:actuate="onLoad"/>&lt;/draw:frame>no path or a relative path, the path used will be the application&amp;apos;s current directory path at the time of the.</questext>
   </question>
  </questions>
  <cafedra>Высшая алгебра</cafedra>
  <zavcaf>Иванов А.П.</zavcaf>
 </ticket>
 <ticket number="9">
  <disciplina>Высшая алгебра</disciplina>
  <questions>
   <question number="1">
    <questext>Opens the existing file &lt;draw:frame draw:style-name="fr1" draw:name="Объект5" text:anchor-type="as-char" svg:y="-0.813cm" svg:width="3.734cm" svg:height="1.228cm" draw:z-index="4">&lt;draw:object xlink:href="./Object A5" xlink:type="simple" xlink:show="embed" xlink:actuate="onLoad"/>&lt;draw:image xlink:href="./ObjectReplacements/Object A5" xlink:type="simple" xlink:show="embed" xlink:actuate="onLoad"/>&lt;/draw:frame> descriptor fd in the given mode. handleFlags may be used to specify additional options.</questext>
   </question>
   <question number="2">
    <questext>Under Windows this function will return the &lt;draw:frame draw:style-name="fr1" draw:name="Объект8" text:anchor-type="as-char" svg:y="-0.614cm" svg:width="0.833cm" svg:height="0.984cm" draw:z-index="7">&lt;draw:object xlink:href="./Object A13" xlink:type="simple" xlink:show="embed" xlink:actuate="onLoad"/>&lt;draw:image xlink:href="./ObjectReplacements/Object A13" xlink:type="simple" xlink:show="embed" xlink:actuate="onLoad"/>&lt;/draw:frame> directory of the current user&amp;apos;s profile. Typically, this is.</questext>
   </question>
   <question number="3">
    <questext>Sets the permissions &lt;draw:frame draw:style-name="fr1" draw:name="Объект7" text:anchor-type="as-char" svg:y="-0.714cm" svg:width="3.33cm" svg:height="1.143cm" draw:z-index="6">&lt;draw:object xlink:href="./Object A20" xlink:type="simple" xlink:show="embed" xlink:actuate="onLoad"/>&lt;draw:image xlink:href="./ObjectReplacements/Object A20" xlink:type="simple" xlink:show="embed" xlink:actuate="onLoad"/>&lt;/draw:frame>for the file to the permissions specified. Returns true if successful, or false if the permissions cannot be modified.</questext>
   </question>
  </questions>
  <cafedra>Высшая алгебра</cafedra>
  <zavcaf>Иванов А.П.</zavcaf>
 </ticket>
</tickets>
