<?xml version="1.0" encoding="UTF-8"?>
<office:document-content xmlns:office="urn:oasis:names:tc:opendocument:xmlns:office:1.0" xmlns:style="urn:oasis:names:tc:opendocument:xmlns:style:1.0" xmlns:text="urn:oasis:names:tc:opendocument:xmlns:text:1.0" xmlns:table="urn:oasis:names:tc:opendocument:xmlns:table:1.0" xmlns:draw="urn:oasis:names:tc:opendocument:xmlns:drawing:1.0" xmlns:fo="urn:oasis:names:tc:opendocument:xmlns:xsl-fo-compatible:1.0" xmlns:xlink="http://www.w3.org/1999/xlink" xmlns:dc="http://purl.org/dc/elements/1.1/" xmlns:meta="urn:oasis:names:tc:opendocument:xmlns:meta:1.0" xmlns:number="urn:oasis:names:tc:opendocument:xmlns:datastyle:1.0" xmlns:svg="urn:oasis:names:tc:opendocument:xmlns:svg-compatible:1.0" xmlns:chart="urn:oasis:names:tc:opendocument:xmlns:chart:1.0" xmlns:dr3d="urn:oasis:names:tc:opendocument:xmlns:dr3d:1.0" xmlns:math="http://www.w3.org/1998/Math/MathML" xmlns:form="urn:oasis:names:tc:opendocument:xmlns:form:1.0" xmlns:script="urn:oasis:names:tc:opendocument:xmlns:script:1.0" xmlns:ooo="http://openoffice.org/2004/office" xmlns:ooow="http://openoffice.org/2004/writer" xmlns:oooc="http://openoffice.org/2004/calc" xmlns:dom="http://www.w3.org/2001/xml-events" xmlns:xforms="http://www.w3.org/2002/xforms" xmlns:xsd="http://www.w3.org/2001/XMLSchema" xmlns:xsi="http://www.w3.org/2001/XMLSchema-instance" xmlns:rpt="http://openoffice.org/2005/report" xmlns:of="urn:oasis:names:tc:opendocument:xmlns:of:1.2" xmlns:xhtml="http://www.w3.org/1999/xhtml" xmlns:grddl="http://www.w3.org/2003/g/data-view#" xmlns:officeooo="http://openoffice.org/2009/office" xmlns:tableooo="http://openoffice.org/2009/table" xmlns:drawooo="http://openoffice.org/2010/draw" xmlns:calcext="urn:org:documentfoundation:names:experimental:calc:xmlns:calcext:1.0" xmlns:loext="urn:org:documentfoundation:names:experimental:office:xmlns:loext:1.0" xmlns:field="urn:openoffice:names:experimental:ooo-ms-interop:xmlns:field:1.0" xmlns:formx="urn:openoffice:names:experimental:ooxml-odf-interop:xmlns:form:1.0" xmlns:css3t="http://www.w3.org/TR/css3-text/" office:version="1.2"><office:scripts/><office:font-face-decls><style:font-face style:name="FreeSans1" svg:font-family="FreeSans" style:font-family-generic="swiss"/><style:font-face style:name="Liberation Serif" svg:font-family="&apos;Liberation Serif&apos;" style:font-family-generic="roman" style:font-pitch="variable"/><style:font-face style:name="Thorndale" svg:font-family="Thorndale" style:font-family-generic="roman" style:font-pitch="variable"/><style:font-face style:name="Albany" svg:font-family="Albany" style:font-family-generic="swiss" style:font-pitch="variable"/><style:font-face style:name="Droid Sans Fallback" svg:font-family="&apos;Droid Sans Fallback&apos;" style:font-family-generic="system" style:font-pitch="variable"/><style:font-face style:name="FreeSans" svg:font-family="FreeSans" style:font-family-generic="system" style:font-pitch="variable"/></office:font-face-decls><office:automatic-styles><style:style style:name="Таблица1" style:family="table"><style:table-properties style:width="17.463cm" table:align="left" fo:background-color="#ffffff"><style:background-image/></style:table-properties></style:style><style:style style:name="Таблица1.A" style:family="table-column"><style:table-column-properties style:column-width="13.88cm"/></style:style><style:style style:name="Таблица1.B" style:family="table-column"><style:table-column-properties style:column-width="3.582cm"/></style:style><style:style style:name="Таблица1.A1" style:family="table-cell"><style:table-cell-properties style:vertical-align="middle" fo:padding="0.049cm" fo:border="none"/></style:style><style:style style:name="Таблица1.2" style:family="table-row"><style:table-row-properties style:min-row-height="1.475cm"/></style:style><style:style style:name="Таблица1.A3" style:family="table-cell"><style:table-cell-properties fo:padding="0.049cm" fo:border="none"/></style:style><style:style style:name="Таблица1.A4" style:family="table-cell"><style:table-cell-properties fo:padding="0.049cm" fo:border="none"/></style:style><style:style style:name="Таблица2" style:family="table"><style:table-properties style:width="17.463cm" fo:break-after="page" table:align="left" fo:background-color="#ffffff"><style:background-image/></style:table-properties></style:style><style:style style:name="Таблица2.A" style:family="table-column"><style:table-column-properties style:column-width="13.862cm"/></style:style><style:style style:name="Таблица2.B" style:family="table-column"><style:table-column-properties style:column-width="3.6cm"/></style:style><style:style style:name="Таблица2.A1" style:family="table-cell"><style:table-cell-properties style:vertical-align="middle" fo:padding="0.049cm" fo:border="none"/></style:style><style:style style:name="Таблица2.2" style:family="table-row"><style:table-row-properties style:min-row-height="1.475cm"/></style:style><style:style style:name="Таблица2.A3" style:family="table-cell"><style:table-cell-properties fo:padding="0.049cm" fo:border="none"/></style:style><style:style style:name="Таблица2.A4" style:family="table-cell"><style:table-cell-properties fo:padding="0.049cm" fo:border="none"/></style:style><style:style style:name="Таблица3" style:family="table"><style:table-properties style:width="17.463cm" table:align="left" fo:background-color="#ffffff"><style:background-image/></style:table-properties></style:style><style:style style:name="Таблица3.A" style:family="table-column"><style:table-column-properties style:column-width="13.875cm"/></style:style><style:style style:name="Таблица3.B" style:family="table-column"><style:table-column-properties style:column-width="3.588cm"/></style:style><style:style style:name="Таблица3.A1" style:family="table-cell"><style:table-cell-properties style:vertical-align="middle" fo:padding="0.049cm" fo:border="none"/></style:style><style:style style:name="Таблица3.2" style:family="table-row"><style:table-row-properties style:min-row-height="1.475cm"/></style:style><style:style style:name="Таблица3.A3" style:family="table-cell"><style:table-cell-properties fo:padding="0.049cm" fo:border="none"/></style:style><style:style style:name="Таблица3.A4" style:family="table-cell"><style:table-cell-properties fo:padding="0.049cm" fo:border="none"/></style:style><style:style style:name="Таблица4" style:family="table"><style:table-properties style:width="17.463cm" fo:break-after="page" table:align="left" fo:background-color="#ffffff"><style:background-image/></style:table-properties></style:style><style:style style:name="Таблица4.A" style:family="table-column"><style:table-column-properties style:column-width="14.409cm"/></style:style><style:style style:name="Таблица4.B" style:family="table-column"><style:table-column-properties style:column-width="3.052cm"/></style:style><style:style style:name="Таблица4.A1" style:family="table-cell"><style:table-cell-properties style:vertical-align="middle" fo:padding="0.049cm" fo:border="none"/></style:style><style:style style:name="Таблица4.2" style:family="table-row"><style:table-row-properties style:min-row-height="1.475cm"/></style:style><style:style style:name="Таблица4.A3" style:family="table-cell"><style:table-cell-properties fo:padding="0.049cm" fo:border="none"/></style:style><style:style style:name="Таблица4.A4" style:family="table-cell"><style:table-cell-properties fo:padding="0.049cm" fo:border="none"/></style:style><style:style style:name="Таблица5" style:family="table"><style:table-properties style:width="17.463cm" table:align="left" fo:background-color="#ffffff"><style:background-image/></style:table-properties></style:style><style:style style:name="Таблица5.A" style:family="table-column"><style:table-column-properties style:column-width="14.409cm"/></style:style><style:style style:name="Таблица5.B" style:family="table-column"><style:table-column-properties style:column-width="3.052cm"/></style:style><style:style style:name="Таблица5.A1" style:family="table-cell"><style:table-cell-properties style:vertical-align="middle" fo:padding="0.049cm" fo:border="none"/></style:style><style:style style:name="Таблица5.2" style:family="table-row"><style:table-row-properties style:min-row-height="1.475cm"/></style:style><style:style style:name="Таблица5.A3" style:family="table-cell"><style:table-cell-properties fo:padding="0.049cm" fo:border="none"/></style:style><style:style style:name="Таблица5.A4" style:family="table-cell"><style:table-cell-properties fo:padding="0.049cm" fo:border="none"/></style:style><style:style style:name="Таблица6" style:family="table"><style:table-properties style:width="17.463cm" fo:break-after="page" table:align="left" fo:background-color="#ffffff"><style:background-image/></style:table-properties></style:style><style:style style:name="Таблица6.A" style:family="table-column"><style:table-column-properties style:column-width="14.252cm"/></style:style><style:style style:name="Таблица6.B" style:family="table-column"><style:table-column-properties style:column-width="3.21cm"/></style:style><style:style style:name="Таблица6.A1" style:family="table-cell"><style:table-cell-properties style:vertical-align="middle" fo:padding="0.049cm" fo:border="none"/></style:style><style:style style:name="Таблица6.2" style:family="table-row"><style:table-row-properties style:min-row-height="1.475cm"/></style:style><style:style style:name="Таблица6.A3" style:family="table-cell"><style:table-cell-properties fo:padding="0.049cm" fo:border="none"/></style:style><style:style style:name="Таблица6.A4" style:family="table-cell"><style:table-cell-properties fo:padding="0.049cm" fo:border="none"/></style:style><style:style style:name="Таблица7" style:family="table"><style:table-properties style:width="17.463cm" table:align="left" fo:background-color="#ffffff"><style:background-image/></style:table-properties></style:style><style:style style:name="Таблица7.A" style:family="table-column"><style:table-column-properties style:column-width="14.386cm"/></style:style><style:style style:name="Таблица7.B" style:family="table-column"><style:table-column-properties style:column-width="3.076cm"/></style:style><style:style style:name="Таблица7.A1" style:family="table-cell"><style:table-cell-properties style:vertical-align="middle" fo:padding="0.049cm" fo:border="none"/></style:style><style:style style:name="Таблица7.2" style:family="table-row"><style:table-row-properties style:min-row-height="1.475cm"/></style:style><style:style style:name="Таблица7.A3" style:family="table-cell"><style:table-cell-properties fo:padding="0.049cm" fo:border="none"/></style:style><style:style style:name="Таблица7.A4" style:family="table-cell"><style:table-cell-properties fo:padding="0.049cm" fo:border="none"/></style:style><style:style style:name="Таблица8" style:family="table"><style:table-properties style:width="17.463cm" fo:break-after="page" table:align="left" fo:background-color="#ffffff"><style:background-image/></style:table-properties></style:style><style:style style:name="Таблица8.A" style:family="table-column"><style:table-column-properties style:column-width="14.252cm"/></style:style><style:style style:name="Таблица8.B" style:family="table-column"><style:table-column-properties style:column-width="3.21cm"/></style:style><style:style style:name="Таблица8.A1" style:family="table-cell"><style:table-cell-properties style:vertical-align="middle" fo:padding="0.049cm" fo:border="none"/></style:style><style:style style:name="Таблица8.2" style:family="table-row"><style:table-row-properties style:min-row-height="1.475cm"/></style:style><style:style style:name="Таблица8.A3" style:family="table-cell"><style:table-cell-properties fo:padding="0.049cm" fo:border="none"/></style:style><style:style style:name="Таблица8.A4" style:family="table-cell"><style:table-cell-properties fo:padding="0.049cm" fo:border="none"/></style:style><style:style style:name="Таблица9" style:family="table"><style:table-properties style:width="17.463cm" table:align="left" fo:background-color="#ffffff"><style:background-image/></style:table-properties></style:style><style:style style:name="Таблица9.A" style:family="table-column"><style:table-column-properties style:column-width="14.409cm"/></style:style><style:style style:name="Таблица9.B" style:family="table-column"><style:table-column-properties style:column-width="3.052cm"/></style:style><style:style style:name="Таблица9.A1" style:family="table-cell"><style:table-cell-properties style:vertical-align="middle" fo:padding="0.049cm" fo:border="none"/></style:style><style:style style:name="Таблица9.2" style:family="table-row"><style:table-row-properties style:min-row-height="1.475cm"/></style:style><style:style style:name="Таблица9.A3" style:family="table-cell"><style:table-cell-properties fo:padding="0.049cm" fo:border="none"/></style:style><style:style style:name="Таблица9.A4" style:family="table-cell"><style:table-cell-properties fo:padding="0.049cm" fo:border="none"/></style:style><style:style style:name="Таблица10" style:family="table"><style:table-properties style:width="17.463cm" fo:break-after="page" table:align="left" fo:background-color="#ffffff"><style:background-image/></style:table-properties></style:style><style:style style:name="Таблица10.A" style:family="table-column"><style:table-column-properties style:column-width="14.409cm"/></style:style><style:style style:name="Таблица10.B" style:family="table-column"><style:table-column-properties style:column-width="3.052cm"/></style:style><style:style style:name="Таблица10.A1" style:family="table-cell"><style:table-cell-properties style:vertical-align="middle" fo:padding="0.049cm" fo:border="none"/></style:style><style:style style:name="Таблица10.2" style:family="table-row"><style:table-row-properties style:min-row-height="1.475cm"/></style:style><style:style style:name="Таблица10.A3" style:family="table-cell"><style:table-cell-properties fo:padding="0.049cm" fo:border="none"/></style:style><style:style style:name="Таблица10.A4" style:family="table-cell"><style:table-cell-properties fo:padding="0.049cm" fo:border="none"/></style:style><style:style style:name="Таблица11" style:family="table"><style:table-properties style:width="17.463cm" table:align="left" fo:background-color="#ffffff"><style:background-image/></style:table-properties></style:style><style:style style:name="Таблица11.A" style:family="table-column"><style:table-column-properties style:column-width="14.381cm"/></style:style><style:style style:name="Таблица11.B" style:family="table-column"><style:table-column-properties style:column-width="3.082cm"/></style:style><style:style style:name="Таблица11.A1" style:family="table-cell"><style:table-cell-properties style:vertical-align="middle" fo:padding="0.049cm" fo:border="none"/></style:style><style:style style:name="Таблица11.2" style:family="table-row"><style:table-row-properties style:min-row-height="1.475cm"/></style:style><style:style style:name="Таблица11.A3" style:family="table-cell"><style:table-cell-properties fo:padding="0.049cm" fo:border="none"/></style:style><style:style style:name="Таблица11.A4" style:family="table-cell"><style:table-cell-properties fo:padding="0.049cm" fo:border="none"/></style:style><style:style style:name="Таблица12" style:family="table"><style:table-properties style:width="17.463cm" fo:break-after="page" table:align="left" fo:background-color="#ffffff"><style:background-image/></style:table-properties></style:style><style:style style:name="Таблица12.A" style:family="table-column"><style:table-column-properties style:column-width="14.409cm"/></style:style><style:style style:name="Таблица12.B" style:family="table-column"><style:table-column-properties style:column-width="3.052cm"/></style:style><style:style style:name="Таблица12.A1" style:family="table-cell"><style:table-cell-properties style:vertical-align="middle" fo:padding="0.049cm" fo:border="none"/></style:style><style:style style:name="Таблица12.2" style:family="table-row"><style:table-row-properties style:min-row-height="1.475cm"/></style:style><style:style style:name="Таблица12.A3" style:family="table-cell"><style:table-cell-properties fo:padding="0.049cm" fo:border="none"/></style:style><style:style style:name="Таблица12.A4" style:family="table-cell"><style:table-cell-properties fo:padding="0.049cm" fo:border="none"/></style:style><style:style style:name="Таблица13" style:family="table"><style:table-properties style:width="17.463cm" table:align="left" fo:background-color="#ffffff"><style:background-image/></style:table-properties></style:style><style:style style:name="Таблица13.A" style:family="table-column"><style:table-column-properties style:column-width="14.409cm"/></style:style><style:style style:name="Таблица13.B" style:family="table-column"><style:table-column-properties style:column-width="3.052cm"/></style:style><style:style style:name="Таблица13.A1" style:family="table-cell"><style:table-cell-properties style:vertical-align="middle" fo:padding="0.049cm" fo:border="none"/></style:style><style:style style:name="Таблица13.2" style:family="table-row"><style:table-row-properties style:min-row-height="1.475cm"/></style:style><style:style style:name="Таблица13.A3" style:family="table-cell"><style:table-cell-properties fo:padding="0.049cm" fo:border="none"/></style:style><style:style style:name="Таблица13.A4" style:family="table-cell"><style:table-cell-properties fo:padding="0.049cm" fo:border="none"/></style:style><style:style style:name="Таблица14" style:family="table"><style:table-properties style:width="17.463cm" fo:break-after="page" table:align="left" fo:background-color="#ffffff"><style:background-image/></style:table-properties></style:style><style:style style:name="Таблица14.A" style:family="table-column"><style:table-column-properties style:column-width="14.409cm"/></style:style><style:style style:name="Таблица14.B" style:family="table-column"><style:table-column-properties style:column-width="3.052cm"/></style:style><style:style style:name="Таблица14.A1" style:family="table-cell"><style:table-cell-properties style:vertical-align="middle" fo:padding="0.049cm" fo:border="none"/></style:style><style:style style:name="Таблица14.2" style:family="table-row"><style:table-row-properties style:min-row-height="1.475cm"/></style:style><style:style style:name="Таблица14.A3" style:family="table-cell"><style:table-cell-properties fo:padding="0.049cm" fo:border="none"/></style:style><style:style style:name="Таблица14.A4" style:family="table-cell"><style:table-cell-properties fo:padding="0.049cm" fo:border="none"/></style:style><style:style style:name="Таблица15" style:family="table"><style:table-properties style:width="17.463cm" table:align="left" fo:background-color="#ffffff"><style:background-image/></style:table-properties></style:style><style:style style:name="Таблица15.A" style:family="table-column"><style:table-column-properties style:column-width="14.351cm"/></style:style><style:style style:name="Таблица15.B" style:family="table-column"><style:table-column-properties style:column-width="3.112cm"/></style:style><style:style style:name="Таблица15.A1" style:family="table-cell"><style:table-cell-properties style:vertical-align="middle" fo:padding="0.049cm" fo:border="none"/></style:style><style:style style:name="Таблица15.2" style:family="table-row"><style:table-row-properties style:min-row-height="1.475cm"/></style:style><style:style style:name="Таблица15.A3" style:family="table-cell"><style:table-cell-properties fo:padding="0.049cm" fo:border="none"/></style:style><style:style style:name="Таблица15.A4" style:family="table-cell"><style:table-cell-properties fo:padding="0.049cm" fo:border="none"/></style:style><style:style style:name="Таблица16" style:family="table"><style:table-properties style:width="17.463cm" fo:break-after="page" table:align="left" fo:background-color="#ffffff"><style:background-image/></style:table-properties></style:style><style:style style:name="Таблица16.A" style:family="table-column"><style:table-column-properties style:column-width="14.411cm"/></style:style><style:style style:name="Таблица16.B" style:family="table-column"><style:table-column-properties style:column-width="3.05cm"/></style:style><style:style style:name="Таблица16.A1" style:family="table-cell"><style:table-cell-properties style:vertical-align="middle" fo:padding="0.049cm" fo:border="none"/></style:style><style:style style:name="Таблица16.2" style:family="table-row"><style:table-row-properties style:min-row-height="1.475cm"/></style:style><style:style style:name="Таблица16.A3" style:family="table-cell"><style:table-cell-properties fo:padding="0.049cm" fo:border="none"/></style:style><style:style style:name="Таблица16.A4" style:family="table-cell"><style:table-cell-properties fo:padding="0.049cm" fo:border="none"/></style:style><style:style style:name="Таблица17" style:family="table"><style:table-properties style:width="17.463cm" table:align="left" fo:background-color="#ffffff"><style:background-image/></style:table-properties></style:style><style:style style:name="Таблица17.A" style:family="table-column"><style:table-column-properties style:column-width="14.409cm"/></style:style><style:style style:name="Таблица17.B" style:family="table-column"><style:table-column-properties style:column-width="3.052cm"/></style:style><style:style style:name="Таблица17.A1" style:family="table-cell"><style:table-cell-properties style:vertical-align="middle" fo:padding="0.049cm" fo:border="none"/></style:style><style:style style:name="Таблица17.2" style:family="table-row"><style:table-row-properties style:min-row-height="1.475cm"/></style:style><style:style style:name="Таблица17.A3" style:family="table-cell"><style:table-cell-properties fo:padding="0.049cm" fo:border="none"/></style:style><style:style style:name="Таблица17.A4" style:family="table-cell"><style:table-cell-properties fo:padding="0.049cm" fo:border="none"/></style:style><style:style style:name="P1" style:family="paragraph" style:parent-style-name="Text_20_body"><style:paragraph-properties fo:margin-top="0.026cm" fo:margin-bottom="0cm" loext:contextual-spacing="false"/></style:style><style:style style:name="P2" style:family="paragraph" style:parent-style-name="Table_20_Contents"><style:paragraph-properties fo:text-align="center" style:justify-single-word="false"/></style:style><style:style style:name="P3" style:family="paragraph" style:parent-style-name="Table_20_Contents"><style:paragraph-properties fo:margin-left="0.529cm" fo:margin-right="0cm" fo:margin-top="0.026cm" fo:margin-bottom="0.529cm" loext:contextual-spacing="false" fo:text-indent="0cm" style:auto-text-indent="false"/></style:style><style:style style:name="P4" style:family="paragraph" style:parent-style-name="Table_20_Contents"><style:paragraph-properties fo:margin-left="0.529cm" fo:margin-right="0.529cm" fo:margin-top="0.529cm" fo:margin-bottom="0.529cm" loext:contextual-spacing="false" fo:text-indent="0cm" style:auto-text-indent="false"/></style:style><style:style style:name="P5" style:family="paragraph" style:parent-style-name="Table_20_Contents"><style:paragraph-properties fo:margin-left="0.529cm" fo:margin-right="0.529cm" fo:margin-top="0.529cm" fo:margin-bottom="0.529cm" loext:contextual-spacing="false" fo:text-align="center" style:justify-single-word="false" fo:text-indent="0cm" style:auto-text-indent="false"/></style:style><style:style style:name="P6" style:family="paragraph" style:parent-style-name="Heading_20_2" style:master-page-name="HTML"><style:paragraph-properties style:page-number="auto"/></style:style><style:style style:name="T1" style:family="text"><style:text-properties style:text-underline-style="solid" style:text-underline-width="auto" style:text-underline-color="font-color"/></style:style></office:automatic-styles><office:body><office:text text:use-soft-page-breaks="true"><text:sequence-decls><text:sequence-decl text:display-outline-level="0" text:name="Illustration"/><text:sequence-decl text:display-outline-level="0" text:name="Table"/><text:sequence-decl text:display-outline-level="0" text:name="Text"/><text:sequence-decl text:display-outline-level="0" text:name="Drawing"/></text:sequence-decls><text:h text:style-name="P6" text:outline-level="2">Экзаменационные билеты</text:h><table:table table:name="Таблица1" table:style-name="Таблица1"><table:table-column table:style-name="Таблица1.A"/><table:table-column table:style-name="Таблица1.B"/><table:table-row><table:table-cell table:style-name="Таблица1.A1" table:number-columns-spanned="2" office:value-type="string"><text:p text:style-name="P2">МИНИСТЕРСТВО ОБРАЗОВАНИЯ И НАУКИ РОСИЙСКОЙ ФЕДЕРАЦИИ</text:p><text:p text:style-name="P2">Федеральное государственное бюджетное образовательное учреждение</text:p><text:p text:style-name="P2">высшего профессионального образования</text:p><text:p text:style-name="P2">«Тихоокеанский Государственный Университет»</text:p></table:table-cell><table:covered-table-cell/></table:table-row><table:table-row table:style-name="Таблица1.2"><table:table-cell table:style-name="Таблица1.A1" table:number-columns-spanned="2" office:value-type="string"><text:p text:style-name="P2">Экзаменационный билет № <text:span text:style-name="T1">1</text:span></text:p></table:table-cell><table:covered-table-cell/></table:table-row><table:table-row table:style-name="Таблица1.2"><table:table-cell table:style-name="Таблица1.A3" table:number-columns-spanned="2" office:value-type="string"><text:p text:style-name="P2">по курсу <text:span text:style-name="T1">sdfsdfs</text:span></text:p></table:table-cell><table:covered-table-cell/></table:table-row><table:table-row><table:table-cell table:style-name="Таблица1.A4" table:number-columns-spanned="2" office:value-type="string"><text:p text:style-name="P3">1. Сущность и этапы проектирования <draw:frame draw:style-name="fr1" draw:name="Объект1" text:anchor-type="as-char" svg:y="-0.619cm" svg:width="0.51cm" svg:height="0.998cm" draw:z-index="0"><draw:object xlink:href="./Object 1" xlink:type="simple" xlink:show="embed" xlink:actuate="onLoad"/><draw:image xlink:href="./ObjectReplacements/Object 1" xlink:type="simple" xlink:show="embed" xlink:actuate="onLoad"/></draw:frame> приложений баз данных. </text:p></table:table-cell><table:covered-table-cell/></table:table-row><table:table-row><table:table-cell table:style-name="Таблица1.A1" office:value-type="string"><text:p text:style-name="P5">Зав. кафедрой fdsfs__________sdfsdf</text:p></table:table-cell><table:table-cell table:style-name="Таблица1.A1" office:value-type="string"><text:p text:style-name="P4">дата</text:p></table:table-cell></table:table-row></table:table><text:p text:style-name="P1"/><table:table table:name="Таблица2" table:style-name="Таблица2"><table:table-column table:style-name="Таблица2.A"/><table:table-column table:style-name="Таблица2.B"/><table:table-row><table:table-cell table:style-name="Таблица2.A1" table:number-columns-spanned="2" office:value-type="string"><text:p text:style-name="P2">МИНИСТЕРСТВО ОБРАЗОВАНИЯ И НАУКИ РОСИЙСКОЙ ФЕДЕРАЦИИ</text:p><text:p text:style-name="P2">Федеральное государственное бюджетное образовательное учреждение</text:p><text:p text:style-name="P2">высшего профессионального образования</text:p><text:p text:style-name="P2">«Тихоокеанский Государственный Университет»</text:p></table:table-cell><table:covered-table-cell/></table:table-row><table:table-row table:style-name="Таблица2.2"><table:table-cell table:style-name="Таблица2.A1" table:number-columns-spanned="2" office:value-type="string"><text:p text:style-name="P2">Экзаменационный билет № <text:span text:style-name="T1">2</text:span></text:p></table:table-cell><table:covered-table-cell/></table:table-row><table:table-row table:style-name="Таблица2.2"><table:table-cell table:style-name="Таблица2.A3" table:number-columns-spanned="2" office:value-type="string"><text:p text:style-name="P2">по курсу <text:span text:style-name="T1">sdfsdfs</text:span></text:p></table:table-cell><table:covered-table-cell/></table:table-row><table:table-row><table:table-cell table:style-name="Таблица2.A4" table:number-columns-spanned="2" office:value-type="string"><text:p text:style-name="P3">1. Структура <draw:frame draw:style-name="fr2" draw:name="Объект2" text:anchor-type="as-char" svg:y="-0.377cm" svg:width="0.991cm" svg:height="0.467cm" draw:z-index="1"><draw:object xlink:href="./Object 2" xlink:type="simple" xlink:show="embed" xlink:actuate="onLoad"/><draw:image xlink:href="./ObjectReplacements/Object 2" xlink:type="simple" xlink:show="embed" xlink:actuate="onLoad"/></draw:frame> и типы приложений баз данных. Элементы информационного обеспечения приложений.Элементы программного обеспечения приложений. </text:p></table:table-cell><table:covered-table-cell/></table:table-row><table:table-row><table:table-cell table:style-name="Таблица2.A1" office:value-type="string"><text:p text:style-name="P5">Зав. кафедрой fdsfs__________sdfsdf</text:p></table:table-cell><table:table-cell table:style-name="Таблица2.A1" office:value-type="string"><text:p text:style-name="P4">дата</text:p></table:table-cell></table:table-row></table:table><text:p text:style-name="P1"/><table:table table:name="Таблица3" table:style-name="Таблица3"><table:table-column table:style-name="Таблица3.A"/><table:table-column table:style-name="Таблица3.B"/><table:table-row><table:table-cell table:style-name="Таблица3.A1" table:number-columns-spanned="2" office:value-type="string"><text:p text:style-name="P2">МИНИСТЕРСТВО ОБРАЗОВАНИЯ И НАУКИ РОСИЙСКОЙ ФЕДЕРАЦИИ</text:p><text:p text:style-name="P2">Федеральное государственное бюджетное образовательное учреждение</text:p><text:p text:style-name="P2">высшего профессионального образования</text:p><text:p text:style-name="P2">«Тихоокеанский Государственный Университет»</text:p></table:table-cell><table:covered-table-cell/></table:table-row><table:table-row table:style-name="Таблица3.2"><table:table-cell table:style-name="Таблица3.A1" table:number-columns-spanned="2" office:value-type="string"><text:p text:style-name="P2">Экзаменационный билет № <text:span text:style-name="T1">3</text:span></text:p></table:table-cell><table:covered-table-cell/></table:table-row><table:table-row table:style-name="Таблица3.2"><table:table-cell table:style-name="Таблица3.A3" table:number-columns-spanned="2" office:value-type="string"><text:p text:style-name="P2">по курсу <text:span text:style-name="T1">sdfsdfs</text:span></text:p></table:table-cell><table:covered-table-cell/></table:table-row><table:table-row><table:table-cell table:style-name="Таблица3.A4" table:number-columns-spanned="2" office:value-type="string"><text:p text:style-name="P3">1. Концептуальная <draw:frame draw:style-name="fr2" draw:name="Объект3" text:anchor-type="as-char" svg:y="-0.386cm" svg:width="1.61cm" svg:height="0.506cm" draw:z-index="2"><draw:object xlink:href="./Object 3" xlink:type="simple" xlink:show="embed" xlink:actuate="onLoad"/><draw:image xlink:href="./ObjectReplacements/Object 3" xlink:type="simple" xlink:show="embed" xlink:actuate="onLoad"/></draw:frame> и физическая модели данных: назначение и отличительные особенности. </text:p></table:table-cell><table:covered-table-cell/></table:table-row><table:table-row><table:table-cell table:style-name="Таблица3.A1" office:value-type="string"><text:p text:style-name="P5">Зав. кафедрой fdsfs__________sdfsdf</text:p></table:table-cell><table:table-cell table:style-name="Таблица3.A1" office:value-type="string"><text:p text:style-name="P4">дата</text:p></table:table-cell></table:table-row></table:table><text:p text:style-name="P1"/><table:table table:name="Таблица4" table:style-name="Таблица4"><table:table-column table:style-name="Таблица4.A"/><table:table-column table:style-name="Таблица4.B"/><table:table-row><table:table-cell table:style-name="Таблица4.A1" table:number-columns-spanned="2" office:value-type="string"><text:p text:style-name="P2">МИНИСТЕРСТВО ОБРАЗОВАНИЯ И НАУКИ РОСИЙСКОЙ ФЕДЕРАЦИИ</text:p><text:p text:style-name="P2">Федеральное государственное бюджетное образовательное учреждение</text:p><text:p text:style-name="P2">высшего профессионального образования</text:p><text:p text:style-name="P2">«Тихоокеанский Государственный Университет»</text:p></table:table-cell><table:covered-table-cell/></table:table-row><table:table-row table:style-name="Таблица4.2"><table:table-cell table:style-name="Таблица4.A1" table:number-columns-spanned="2" office:value-type="string"><text:p text:style-name="P2">Экзаменационный билет № <text:span text:style-name="T1">4</text:span></text:p></table:table-cell><table:covered-table-cell/></table:table-row><table:table-row table:style-name="Таблица4.2"><table:table-cell table:style-name="Таблица4.A3" table:number-columns-spanned="2" office:value-type="string"><text:p text:style-name="P2">по курсу <text:span text:style-name="T1">sdfsdfs</text:span></text:p></table:table-cell><table:covered-table-cell/></table:table-row><table:table-row><table:table-cell table:style-name="Таблица4.A4" table:number-columns-spanned="2" office:value-type="string"><text:p text:style-name="P3">1. Модель MVC в Qt. Модели Qt, основные принципы программирования. </text:p></table:table-cell><table:covered-table-cell/></table:table-row><table:table-row><table:table-cell table:style-name="Таблица4.A1" office:value-type="string"><text:p text:style-name="P5">Зав. кафедрой fdsfs__________sdfsdf</text:p></table:table-cell><table:table-cell table:style-name="Таблица4.A1" office:value-type="string"><text:p text:style-name="P4">дата</text:p></table:table-cell></table:table-row></table:table><text:p text:style-name="P1"/><table:table table:name="Таблица5" table:style-name="Таблица5"><table:table-column table:style-name="Таблица5.A"/><table:table-column table:style-name="Таблица5.B"/><table:table-row><table:table-cell table:style-name="Таблица5.A1" table:number-columns-spanned="2" office:value-type="string"><text:p text:style-name="P2">МИНИСТЕРСТВО ОБРАЗОВАНИЯ И НАУКИ РОСИЙСКОЙ ФЕДЕРАЦИИ</text:p><text:p text:style-name="P2">Федеральное государственное бюджетное образовательное учреждение</text:p><text:p text:style-name="P2">высшего профессионального образования</text:p><text:p text:style-name="P2">«Тихоокеанский Государственный Университет»</text:p></table:table-cell><table:covered-table-cell/></table:table-row><table:table-row table:style-name="Таблица5.2"><table:table-cell table:style-name="Таблица5.A1" table:number-columns-spanned="2" office:value-type="string"><text:p text:style-name="P2">Экзаменационный билет № <text:span text:style-name="T1">5</text:span></text:p></table:table-cell><table:covered-table-cell/></table:table-row><table:table-row table:style-name="Таблица5.2"><table:table-cell table:style-name="Таблица5.A3" table:number-columns-spanned="2" office:value-type="string"><text:p text:style-name="P2">по курсу <text:span text:style-name="T1">sdfsdfs</text:span></text:p></table:table-cell><table:covered-table-cell/></table:table-row><table:table-row><table:table-cell table:style-name="Таблица5.A4" table:number-columns-spanned="2" office:value-type="string"><text:p text:style-name="P3">1. Модель MVC в Qt. Представления Qt и делегаты, основные принципы программирования. </text:p></table:table-cell><table:covered-table-cell/></table:table-row><table:table-row><table:table-cell table:style-name="Таблица5.A1" office:value-type="string"><text:p text:style-name="P5">Зав. кафедрой fdsfs__________sdfsdf</text:p></table:table-cell><table:table-cell table:style-name="Таблица5.A1" office:value-type="string"><text:p text:style-name="P4">дата</text:p></table:table-cell></table:table-row></table:table><text:p text:style-name="P1"/><table:table table:name="Таблица6" table:style-name="Таблица6"><table:table-column table:style-name="Таблица6.A"/><table:table-column table:style-name="Таблица6.B"/><table:table-row><table:table-cell table:style-name="Таблица6.A1" table:number-columns-spanned="2" office:value-type="string"><text:p text:style-name="P2">МИНИСТЕРСТВО ОБРАЗОВАНИЯ И НАУКИ РОСИЙСКОЙ ФЕДЕРАЦИИ</text:p><text:p text:style-name="P2">Федеральное государственное бюджетное образовательное учреждение</text:p><text:p text:style-name="P2">высшего профессионального образования</text:p><text:p text:style-name="P2">«Тихоокеанский Государственный Университет»</text:p></table:table-cell><table:covered-table-cell/></table:table-row><table:table-row table:style-name="Таблица6.2"><table:table-cell table:style-name="Таблица6.A1" table:number-columns-spanned="2" office:value-type="string"><text:p text:style-name="P2">Экзаменационный билет № <text:span text:style-name="T1">6</text:span></text:p></table:table-cell><table:covered-table-cell/></table:table-row><table:table-row table:style-name="Таблица6.2"><table:table-cell table:style-name="Таблица6.A3" table:number-columns-spanned="2" office:value-type="string"><text:p text:style-name="P2">по курсу <text:span text:style-name="T1">sdfsdfs</text:span></text:p></table:table-cell><table:covered-table-cell/></table:table-row><table:table-row><table:table-cell table:style-name="Таблица6.A4" table:number-columns-spanned="2" office:value-type="string"><text:p text:style-name="P3">1. Понятие наборов данных. Внесение изменений в наборы данных. Поиск и фильтрация данных в наборах данных. </text:p></table:table-cell><table:covered-table-cell/></table:table-row><table:table-row><table:table-cell table:style-name="Таблица6.A1" office:value-type="string"><text:p text:style-name="P5">Зав. кафедрой fdsfs__________sdfsdf</text:p></table:table-cell><table:table-cell table:style-name="Таблица6.A1" office:value-type="string"><text:p text:style-name="P4">дата</text:p></table:table-cell></table:table-row></table:table><text:p text:style-name="P1"/><table:table table:name="Таблица7" table:style-name="Таблица7"><table:table-column table:style-name="Таблица7.A"/><table:table-column table:style-name="Таблица7.B"/><table:table-row><table:table-cell table:style-name="Таблица7.A1" table:number-columns-spanned="2" office:value-type="string"><text:p text:style-name="P2">МИНИСТЕРСТВО ОБРАЗОВАНИЯ И НАУКИ РОСИЙСКОЙ ФЕДЕРАЦИИ</text:p><text:p text:style-name="P2">Федеральное государственное бюджетное образовательное учреждение</text:p><text:p text:style-name="P2">высшего профессионального образования</text:p><text:p text:style-name="P2">«Тихоокеанский Государственный Университет»</text:p></table:table-cell><table:covered-table-cell/></table:table-row><table:table-row table:style-name="Таблица7.2"><table:table-cell table:style-name="Таблица7.A1" table:number-columns-spanned="2" office:value-type="string"><text:p text:style-name="P2">Экзаменационный билет № <text:span text:style-name="T1">7</text:span></text:p></table:table-cell><table:covered-table-cell/></table:table-row><table:table-row table:style-name="Таблица7.2"><table:table-cell table:style-name="Таблица7.A3" table:number-columns-spanned="2" office:value-type="string"><text:p text:style-name="P2">по курсу <text:span text:style-name="T1">sdfsdfs</text:span></text:p></table:table-cell><table:covered-table-cell/></table:table-row><table:table-row><table:table-cell table:style-name="Таблица7.A4" table:number-columns-spanned="2" office:value-type="string"><text:p text:style-name="P3">1. Выполнение запросов в Qt. Передача параметров и обработка результатов выполнения запроса. </text:p></table:table-cell><table:covered-table-cell/></table:table-row><table:table-row><table:table-cell table:style-name="Таблица7.A1" office:value-type="string"><text:p text:style-name="P5">Зав. кафедрой fdsfs__________sdfsdf</text:p></table:table-cell><table:table-cell table:style-name="Таблица7.A1" office:value-type="string"><text:p text:style-name="P4">дата</text:p></table:table-cell></table:table-row></table:table><text:p text:style-name="P1"/><table:table table:name="Таблица8" table:style-name="Таблица8"><table:table-column table:style-name="Таблица8.A"/><table:table-column table:style-name="Таблица8.B"/><table:table-row><table:table-cell table:style-name="Таблица8.A1" table:number-columns-spanned="2" office:value-type="string"><text:p text:style-name="P2">МИНИСТЕРСТВО ОБРАЗОВАНИЯ И НАУКИ РОСИЙСКОЙ ФЕДЕРАЦИИ</text:p><text:p text:style-name="P2">Федеральное государственное бюджетное образовательное учреждение</text:p><text:p text:style-name="P2">высшего профессионального образования</text:p><text:p text:style-name="P2">«Тихоокеанский Государственный Университет»</text:p></table:table-cell><table:covered-table-cell/></table:table-row><table:table-row table:style-name="Таблица8.2"><table:table-cell table:style-name="Таблица8.A1" table:number-columns-spanned="2" office:value-type="string"><text:p text:style-name="P2">Экзаменационный билет № <text:span text:style-name="T1">8</text:span></text:p></table:table-cell><table:covered-table-cell/></table:table-row><table:table-row table:style-name="Таблица8.2"><table:table-cell table:style-name="Таблица8.A3" table:number-columns-spanned="2" office:value-type="string"><text:p text:style-name="P2">по курсу <text:span text:style-name="T1">sdfsdfs</text:span></text:p></table:table-cell><table:covered-table-cell/></table:table-row><table:table-row><table:table-cell table:style-name="Таблица8.A4" table:number-columns-spanned="2" office:value-type="string"><text:p text:style-name="P3">1. Язык программирования Java. Определение и структура JDK. Выполнение, разработка и отладка Java‑приложений. </text:p></table:table-cell><table:covered-table-cell/></table:table-row><table:table-row><table:table-cell table:style-name="Таблица8.A1" office:value-type="string"><text:p text:style-name="P5">Зав. кафедрой fdsfs__________sdfsdf</text:p></table:table-cell><table:table-cell table:style-name="Таблица8.A1" office:value-type="string"><text:p text:style-name="P4">дата</text:p></table:table-cell></table:table-row></table:table><text:p text:style-name="P1"/><table:table table:name="Таблица9" table:style-name="Таблица9"><table:table-column table:style-name="Таблица9.A"/><table:table-column table:style-name="Таблица9.B"/><table:table-row><table:table-cell table:style-name="Таблица9.A1" table:number-columns-spanned="2" office:value-type="string"><text:p text:style-name="P2">МИНИСТЕРСТВО ОБРАЗОВАНИЯ И НАУКИ РОСИЙСКОЙ ФЕДЕРАЦИИ</text:p><text:p text:style-name="P2">Федеральное государственное бюджетное образовательное учреждение</text:p><text:p text:style-name="P2">высшего профессионального образования</text:p><text:p text:style-name="P2">«Тихоокеанский Государственный Университет»</text:p></table:table-cell><table:covered-table-cell/></table:table-row><table:table-row table:style-name="Таблица9.2"><table:table-cell table:style-name="Таблица9.A1" table:number-columns-spanned="2" office:value-type="string"><text:p text:style-name="P2">Экзаменационный билет № <text:span text:style-name="T1">9</text:span></text:p></table:table-cell><table:covered-table-cell/></table:table-row><table:table-row table:style-name="Таблица9.2"><table:table-cell table:style-name="Таблица9.A3" table:number-columns-spanned="2" office:value-type="string"><text:p text:style-name="P2">по курсу <text:span text:style-name="T1">sdfsdfs</text:span></text:p></table:table-cell><table:covered-table-cell/></table:table-row><table:table-row><table:table-cell table:style-name="Таблица9.A4" table:number-columns-spanned="2" office:value-type="string"><text:p text:style-name="P3">1. Библиотека Swing. Основные компоненты для создания графических Java‑приложений. </text:p></table:table-cell><table:covered-table-cell/></table:table-row><table:table-row><table:table-cell table:style-name="Таблица9.A1" office:value-type="string"><text:p text:style-name="P5">Зав. кафедрой fdsfs__________sdfsdf</text:p></table:table-cell><table:table-cell table:style-name="Таблица9.A1" office:value-type="string"><text:p text:style-name="P4">дата</text:p></table:table-cell></table:table-row></table:table><text:p text:style-name="P1"/><table:table table:name="Таблица10" table:style-name="Таблица10"><table:table-column table:style-name="Таблица10.A"/><table:table-column table:style-name="Таблица10.B"/><table:table-row><table:table-cell table:style-name="Таблица10.A1" table:number-columns-spanned="2" office:value-type="string"><text:p text:style-name="P2">МИНИСТЕРСТВО ОБРАЗОВАНИЯ И НАУКИ РОСИЙСКОЙ ФЕДЕРАЦИИ</text:p><text:p text:style-name="P2">Федеральное государственное бюджетное образовательное учреждение</text:p><text:p text:style-name="P2">высшего профессионального образования</text:p><text:p text:style-name="P2">«Тихоокеанский Государственный Университет»</text:p></table:table-cell><table:covered-table-cell/></table:table-row><table:table-row table:style-name="Таблица10.2"><table:table-cell table:style-name="Таблица10.A1" table:number-columns-spanned="2" office:value-type="string"><text:p text:style-name="P2">Экзаменационный билет № <text:span text:style-name="T1">10</text:span></text:p></table:table-cell><table:covered-table-cell/></table:table-row><table:table-row table:style-name="Таблица10.2"><table:table-cell table:style-name="Таблица10.A3" table:number-columns-spanned="2" office:value-type="string"><text:p text:style-name="P2">по курсу <text:span text:style-name="T1">sdfsdfs</text:span></text:p></table:table-cell><table:covered-table-cell/></table:table-row><table:table-row><table:table-cell table:style-name="Таблица10.A4" table:number-columns-spanned="2" office:value-type="string"><text:p text:style-name="P3">1. Обработка событий в Java‑приложениях. Простейшее графическое Java‑приложение. </text:p></table:table-cell><table:covered-table-cell/></table:table-row><table:table-row><table:table-cell table:style-name="Таблица10.A1" office:value-type="string"><text:p text:style-name="P5">Зав. кафедрой fdsfs__________sdfsdf</text:p></table:table-cell><table:table-cell table:style-name="Таблица10.A1" office:value-type="string"><text:p text:style-name="P4">дата</text:p></table:table-cell></table:table-row></table:table><text:p text:style-name="P1"/><table:table table:name="Таблица11" table:style-name="Таблица11"><table:table-column table:style-name="Таблица11.A"/><table:table-column table:style-name="Таблица11.B"/><table:table-row><table:table-cell table:style-name="Таблица11.A1" table:number-columns-spanned="2" office:value-type="string"><text:p text:style-name="P2">МИНИСТЕРСТВО ОБРАЗОВАНИЯ И НАУКИ РОСИЙСКОЙ ФЕДЕРАЦИИ</text:p><text:p text:style-name="P2">Федеральное государственное бюджетное образовательное учреждение</text:p><text:p text:style-name="P2">высшего профессионального образования</text:p><text:p text:style-name="P2">«Тихоокеанский Государственный Университет»</text:p></table:table-cell><table:covered-table-cell/></table:table-row><table:table-row table:style-name="Таблица11.2"><table:table-cell table:style-name="Таблица11.A1" table:number-columns-spanned="2" office:value-type="string"><text:p text:style-name="P2">Экзаменационный билет № <text:span text:style-name="T1">11</text:span></text:p></table:table-cell><table:covered-table-cell/></table:table-row><table:table-row table:style-name="Таблица11.2"><table:table-cell table:style-name="Таблица11.A3" table:number-columns-spanned="2" office:value-type="string"><text:p text:style-name="P2">по курсу <text:span text:style-name="T1">sdfsdfs</text:span></text:p></table:table-cell><table:covered-table-cell/></table:table-row><table:table-row><table:table-cell table:style-name="Таблица11.A4" table:number-columns-spanned="2" office:value-type="string"><text:p text:style-name="P3">1. Принципы написания приложений баз данных в Java. Понятие драйверов БД в Java и их типы. </text:p></table:table-cell><table:covered-table-cell/></table:table-row><table:table-row><table:table-cell table:style-name="Таблица11.A1" office:value-type="string"><text:p text:style-name="P5">Зав. кафедрой fdsfs__________sdfsdf</text:p></table:table-cell><table:table-cell table:style-name="Таблица11.A1" office:value-type="string"><text:p text:style-name="P4">дата</text:p></table:table-cell></table:table-row></table:table><text:p text:style-name="P1"/><table:table table:name="Таблица12" table:style-name="Таблица12"><table:table-column table:style-name="Таблица12.A"/><table:table-column table:style-name="Таблица12.B"/><table:table-row><table:table-cell table:style-name="Таблица12.A1" table:number-columns-spanned="2" office:value-type="string"><text:p text:style-name="P2">МИНИСТЕРСТВО ОБРАЗОВАНИЯ И НАУКИ РОСИЙСКОЙ ФЕДЕРАЦИИ</text:p><text:p text:style-name="P2">Федеральное государственное бюджетное образовательное учреждение</text:p><text:p text:style-name="P2">высшего профессионального образования</text:p><text:p text:style-name="P2">«Тихоокеанский Государственный Университет»</text:p></table:table-cell><table:covered-table-cell/></table:table-row><table:table-row table:style-name="Таблица12.2"><table:table-cell table:style-name="Таблица12.A1" table:number-columns-spanned="2" office:value-type="string"><text:p text:style-name="P2">Экзаменационный билет № <text:span text:style-name="T1">12</text:span></text:p></table:table-cell><table:covered-table-cell/></table:table-row><table:table-row table:style-name="Таблица12.2"><table:table-cell table:style-name="Таблица12.A3" table:number-columns-spanned="2" office:value-type="string"><text:p text:style-name="P2">по курсу <text:span text:style-name="T1">sdfsdfs</text:span></text:p></table:table-cell><table:covered-table-cell/></table:table-row><table:table-row><table:table-cell table:style-name="Таблица12.A4" table:number-columns-spanned="2" office:value-type="string"><text:p text:style-name="P3">1. Модель MVC в Java. Модели в Java, принципы программирования. </text:p></table:table-cell><table:covered-table-cell/></table:table-row><table:table-row><table:table-cell table:style-name="Таблица12.A1" office:value-type="string"><text:p text:style-name="P5">Зав. кафедрой fdsfs__________sdfsdf</text:p></table:table-cell><table:table-cell table:style-name="Таблица12.A1" office:value-type="string"><text:p text:style-name="P4">дата</text:p></table:table-cell></table:table-row></table:table><text:p text:style-name="P1"/><table:table table:name="Таблица13" table:style-name="Таблица13"><table:table-column table:style-name="Таблица13.A"/><table:table-column table:style-name="Таблица13.B"/><table:table-row><table:table-cell table:style-name="Таблица13.A1" table:number-columns-spanned="2" office:value-type="string"><text:p text:style-name="P2">МИНИСТЕРСТВО ОБРАЗОВАНИЯ И НАУКИ РОСИЙСКОЙ ФЕДЕРАЦИИ</text:p><text:p text:style-name="P2">Федеральное государственное бюджетное образовательное учреждение</text:p><text:p text:style-name="P2">высшего профессионального образования</text:p><text:p text:style-name="P2">«Тихоокеанский Государственный Университет»</text:p></table:table-cell><table:covered-table-cell/></table:table-row><table:table-row table:style-name="Таблица13.2"><table:table-cell table:style-name="Таблица13.A1" table:number-columns-spanned="2" office:value-type="string"><text:p text:style-name="P2">Экзаменационный билет № <text:span text:style-name="T1">13</text:span></text:p></table:table-cell><table:covered-table-cell/></table:table-row><table:table-row table:style-name="Таблица13.2"><table:table-cell table:style-name="Таблица13.A3" table:number-columns-spanned="2" office:value-type="string"><text:p text:style-name="P2">по курсу <text:span text:style-name="T1">sdfsdfs</text:span></text:p></table:table-cell><table:covered-table-cell/></table:table-row><table:table-row><table:table-cell table:style-name="Таблица13.A4" table:number-columns-spanned="2" office:value-type="string"><text:p text:style-name="P3">1. Модель MVC в Java. Представления в Java, принципы программирования. </text:p></table:table-cell><table:covered-table-cell/></table:table-row><table:table-row><table:table-cell table:style-name="Таблица13.A1" office:value-type="string"><text:p text:style-name="P5">Зав. кафедрой fdsfs__________sdfsdf</text:p></table:table-cell><table:table-cell table:style-name="Таблица13.A1" office:value-type="string"><text:p text:style-name="P4">дата</text:p></table:table-cell></table:table-row></table:table><text:p text:style-name="P1"/><table:table table:name="Таблица14" table:style-name="Таблица14"><table:table-column table:style-name="Таблица14.A"/><table:table-column table:style-name="Таблица14.B"/><table:table-row><table:table-cell table:style-name="Таблица14.A1" table:number-columns-spanned="2" office:value-type="string"><text:p text:style-name="P2">МИНИСТЕРСТВО ОБРАЗОВАНИЯ И НАУКИ РОСИЙСКОЙ ФЕДЕРАЦИИ</text:p><text:p text:style-name="P2">Федеральное государственное бюджетное образовательное учреждение</text:p><text:p text:style-name="P2">высшего профессионального образования</text:p><text:p text:style-name="P2">«Тихоокеанский Государственный Университет»</text:p></table:table-cell><table:covered-table-cell/></table:table-row><table:table-row table:style-name="Таблица14.2"><table:table-cell table:style-name="Таблица14.A1" table:number-columns-spanned="2" office:value-type="string"><text:p text:style-name="P2">Экзаменационный билет № <text:span text:style-name="T1">14</text:span></text:p></table:table-cell><table:covered-table-cell/></table:table-row><table:table-row table:style-name="Таблица14.2"><table:table-cell table:style-name="Таблица14.A3" table:number-columns-spanned="2" office:value-type="string"><text:p text:style-name="P2">по курсу <text:span text:style-name="T1">sdfsdfs</text:span></text:p></table:table-cell><table:covered-table-cell/></table:table-row><table:table-row><table:table-cell table:style-name="Таблица14.A4" table:number-columns-spanned="2" office:value-type="string"><text:p text:style-name="P3">1. Генераторы отчётов. Основные генераторы отчётов в Qt и Java. </text:p></table:table-cell><table:covered-table-cell/></table:table-row><table:table-row><table:table-cell table:style-name="Таблица14.A1" office:value-type="string"><text:p text:style-name="P5">Зав. кафедрой fdsfs__________sdfsdf</text:p></table:table-cell><table:table-cell table:style-name="Таблица14.A1" office:value-type="string"><text:p text:style-name="P4">дата</text:p></table:table-cell></table:table-row></table:table><text:p text:style-name="P1"/><table:table table:name="Таблица15" table:style-name="Таблица15"><table:table-column table:style-name="Таблица15.A"/><table:table-column table:style-name="Таблица15.B"/><table:table-row><table:table-cell table:style-name="Таблица15.A1" table:number-columns-spanned="2" office:value-type="string"><text:p text:style-name="P2">МИНИСТЕРСТВО ОБРАЗОВАНИЯ И НАУКИ РОСИЙСКОЙ ФЕДЕРАЦИИ</text:p><text:p text:style-name="P2">Федеральное государственное бюджетное образовательное учреждение</text:p><text:p text:style-name="P2">высшего профессионального образования</text:p><text:p text:style-name="P2">«Тихоокеанский Государственный Университет»</text:p></table:table-cell><table:covered-table-cell/></table:table-row><table:table-row table:style-name="Таблица15.2"><table:table-cell table:style-name="Таблица15.A1" table:number-columns-spanned="2" office:value-type="string"><text:p text:style-name="P2">Экзаменационный билет № <text:span text:style-name="T1">15</text:span></text:p></table:table-cell><table:covered-table-cell/></table:table-row><table:table-row table:style-name="Таблица15.2"><table:table-cell table:style-name="Таблица15.A3" table:number-columns-spanned="2" office:value-type="string"><text:p text:style-name="P2">по курсу <text:span text:style-name="T1">sdfsdfs</text:span></text:p></table:table-cell><table:covered-table-cell/></table:table-row><table:table-row><table:table-cell table:style-name="Таблица15.A4" table:number-columns-spanned="2" office:value-type="string"><text:p text:style-name="P3">1. Создание простейшего отчёта в JasperReport. Работа с базами данных и группировка в JasperReport. </text:p></table:table-cell><table:covered-table-cell/></table:table-row><table:table-row><table:table-cell table:style-name="Таблица15.A1" office:value-type="string"><text:p text:style-name="P5">Зав. кафедрой fdsfs__________sdfsdf</text:p></table:table-cell><table:table-cell table:style-name="Таблица15.A1" office:value-type="string"><text:p text:style-name="P4">дата</text:p></table:table-cell></table:table-row></table:table><text:p text:style-name="P1"/><table:table table:name="Таблица16" table:style-name="Таблица16"><table:table-column table:style-name="Таблица16.A"/><table:table-column table:style-name="Таблица16.B"/><table:table-row><table:table-cell table:style-name="Таблица16.A1" table:number-columns-spanned="2" office:value-type="string"><text:p text:style-name="P2">МИНИСТЕРСТВО ОБРАЗОВАНИЯ И НАУКИ РОСИЙСКОЙ ФЕДЕРАЦИИ</text:p><text:p text:style-name="P2">Федеральное государственное бюджетное образовательное учреждение</text:p><text:p text:style-name="P2">высшего профессионального образования</text:p><text:p text:style-name="P2">«Тихоокеанский Государственный Университет»</text:p></table:table-cell><table:covered-table-cell/></table:table-row><table:table-row table:style-name="Таблица16.2"><table:table-cell table:style-name="Таблица16.A1" table:number-columns-spanned="2" office:value-type="string"><text:p text:style-name="P2">Экзаменационный билет № <text:span text:style-name="T1">16</text:span></text:p></table:table-cell><table:covered-table-cell/></table:table-row><table:table-row table:style-name="Таблица16.2"><table:table-cell table:style-name="Таблица16.A3" table:number-columns-spanned="2" office:value-type="string"><text:p text:style-name="P2">по курсу <text:span text:style-name="T1">sdfsdfs</text:span></text:p></table:table-cell><table:covered-table-cell/></table:table-row><table:table-row><table:table-cell table:style-name="Таблица16.A4" table:number-columns-spanned="2" office:value-type="string"><text:p text:style-name="P3">1. Переменные и параметры в JasperReport, их использование для создания отчётов. </text:p></table:table-cell><table:covered-table-cell/></table:table-row><table:table-row><table:table-cell table:style-name="Таблица16.A1" office:value-type="string"><text:p text:style-name="P5">Зав. кафедрой fdsfs__________sdfsdf</text:p></table:table-cell><table:table-cell table:style-name="Таблица16.A1" office:value-type="string"><text:p text:style-name="P4">дата</text:p></table:table-cell></table:table-row></table:table><text:p text:style-name="P1"/><table:table table:name="Таблица17" table:style-name="Таблица17"><table:table-column table:style-name="Таблица17.A"/><table:table-column table:style-name="Таблица17.B"/><table:table-row><table:table-cell table:style-name="Таблица17.A1" table:number-columns-spanned="2" office:value-type="string"><text:p text:style-name="P2">МИНИСТЕРСТВО ОБРАЗОВАНИЯ И НАУКИ РОСИЙСКОЙ ФЕДЕРАЦИИ</text:p><text:p text:style-name="P2">Федеральное государственное бюджетное образовательное учреждение</text:p><text:p text:style-name="P2">высшего профессионального образования</text:p><text:p text:style-name="P2">«Тихоокеанский Государственный Университет»</text:p></table:table-cell><table:covered-table-cell/></table:table-row><table:table-row table:style-name="Таблица17.2"><table:table-cell table:style-name="Таблица17.A1" table:number-columns-spanned="2" office:value-type="string"><text:p text:style-name="P2">Экзаменационный билет № <text:span text:style-name="T1">17</text:span></text:p></table:table-cell><table:covered-table-cell/></table:table-row><table:table-row table:style-name="Таблица17.2"><table:table-cell table:style-name="Таблица17.A3" table:number-columns-spanned="2" office:value-type="string"><text:p text:style-name="P2">по курсу <text:span text:style-name="T1">sdfsdfs</text:span></text:p></table:table-cell><table:covered-table-cell/></table:table-row><table:table-row><table:table-cell table:style-name="Таблица17.A4" table:number-columns-spanned="2" office:value-type="string"><text:p text:style-name="P3">1. Работа с изображениями в JasperReport.</text:p></table:table-cell><table:covered-table-cell/></table:table-row><table:table-row><table:table-cell table:style-name="Таблица17.A1" office:value-type="string"><text:p text:style-name="P5">Зав. кафедрой fdsfs__________sdfsdf</text:p></table:table-cell><table:table-cell table:style-name="Таблица17.A1" office:value-type="string"><text:p text:style-name="P4">дата</text:p></table:table-cell></table:table-row></table:table><text:p text:style-name="Text_20_body"/></office:text></office:body></office:document-content>able:covered-table-cell/></table:table-row><table:table-row><table:table-cell table:style-name="Таблица17.A1" office:value-type="string"><text:p text:style-name="P5">Зав. кафедрой fdsfs__________sdfsdf</text:p></table:table-cell><table:table-cell table:style-name="Таблица17.A1" office:value-type="string"><text:p text:style-name="P4">дата</text:p></table:table-cell></table:table-row></table:table><text:p text:style-name="Text_20_body"/></office:text></office:body></office:document-content>