<?xml version="1.0" encoding="UTF-8"?>
<office:document-meta xmlns:office="urn:oasis:names:tc:opendocument:xmlns:office:1.0" xmlns:xlink="http://www.w3.org/1999/xlink" xmlns:dc="http://purl.org/dc/elements/1.1/" xmlns:meta="urn:oasis:names:tc:opendocument:xmlns:meta:1.0" xmlns:ooo="http://openoffice.org/2004/office" xmlns:grddl="http://www.w3.org/2003/g/data-view#" office:version="1.2"><office:meta><dc:date>2015-09-28T17:16:14.085052169</dc:date><meta:editing-duration>PT26M19S</meta:editing-duration><meta:editing-cycles>16</meta:editing-cycles><meta:generator>LibreOffice/4.4.2.2$Linux_x86 LibreOffice_project/40m0$Build-2</meta:generator><meta:document-statistic meta:table-count="0" meta:image-count="0" meta:object-count="3" meta:page-count="1" meta:paragraph-count="8" meta:word-count="77" meta:character-count="579" meta:non-whitespace-character-count="508"/></office:meta></office:document-meta>