<?xml version="1.0" encoding="UTF-8"?>
<office:document-content xmlns:office="urn:oasis:names:tc:opendocument:xmlns:office:1.0" xmlns:style="urn:oasis:names:tc:opendocument:xmlns:style:1.0" xmlns:text="urn:oasis:names:tc:opendocument:xmlns:text:1.0" xmlns:table="urn:oasis:names:tc:opendocument:xmlns:table:1.0" xmlns:draw="urn:oasis:names:tc:opendocument:xmlns:drawing:1.0" xmlns:fo="urn:oasis:names:tc:opendocument:xmlns:xsl-fo-compatible:1.0" xmlns:xlink="http://www.w3.org/1999/xlink" xmlns:dc="http://purl.org/dc/elements/1.1/" xmlns:meta="urn:oasis:names:tc:opendocument:xmlns:meta:1.0" xmlns:number="urn:oasis:names:tc:opendocument:xmlns:datastyle:1.0" xmlns:svg="urn:oasis:names:tc:opendocument:xmlns:svg-compatible:1.0" xmlns:chart="urn:oasis:names:tc:opendocument:xmlns:chart:1.0" xmlns:dr3d="urn:oasis:names:tc:opendocument:xmlns:dr3d:1.0" xmlns:math="http://www.w3.org/1998/Math/MathML" xmlns:form="urn:oasis:names:tc:opendocument:xmlns:form:1.0" xmlns:script="urn:oasis:names:tc:opendocument:xmlns:script:1.0" xmlns:ooo="http://openoffice.org/2004/office" xmlns:ooow="http://openoffice.org/2004/writer" xmlns:oooc="http://openoffice.org/2004/calc" xmlns:dom="http://www.w3.org/2001/xml-events" xmlns:xforms="http://www.w3.org/2002/xforms" xmlns:xsd="http://www.w3.org/2001/XMLSchema" xmlns:xsi="http://www.w3.org/2001/XMLSchema-instance" xmlns:rpt="http://openoffice.org/2005/report" xmlns:of="urn:oasis:names:tc:opendocument:xmlns:of:1.2" xmlns:xhtml="http://www.w3.org/1999/xhtml" xmlns:grddl="http://www.w3.org/2003/g/data-view#" xmlns:officeooo="http://openoffice.org/2009/office" xmlns:tableooo="http://openoffice.org/2009/table" xmlns:drawooo="http://openoffice.org/2010/draw" xmlns:calcext="urn:org:documentfoundation:names:experimental:calc:xmlns:calcext:1.0" xmlns:loext="urn:org:documentfoundation:names:experimental:office:xmlns:loext:1.0" xmlns:field="urn:openoffice:names:experimental:ooo-ms-interop:xmlns:field:1.0" xmlns:formx="urn:openoffice:names:experimental:ooxml-odf-interop:xmlns:form:1.0" xmlns:css3t="http://www.w3.org/TR/css3-text/" office:version="1.2"><office:scripts/><office:font-face-decls><style:font-face style:name="FreeSans1" svg:font-family="FreeSans" style:font-family-generic="swiss"/><style:font-face style:name="Liberation Serif" svg:font-family="&apos;Liberation Serif&apos;" style:font-family-generic="roman" style:font-pitch="variable"/><style:font-face style:name="Thorndale" svg:font-family="Thorndale" style:font-family-generic="roman" style:font-pitch="variable"/><style:font-face style:name="Albany" svg:font-family="Albany" style:font-family-generic="swiss" style:font-pitch="variable"/><style:font-face style:name="Droid Sans Fallback" svg:font-family="&apos;Droid Sans Fallback&apos;" style:font-family-generic="system" style:font-pitch="variable"/><style:font-face style:name="FreeSans" svg:font-family="FreeSans" style:font-family-generic="system" style:font-pitch="variable"/></office:font-face-decls><office:automatic-styles><style:style style:name="Таблица1" style:family="table"><style:table-properties style:width="17.463cm" table:align="left" fo:background-color="#ffffff"><style:background-image/></style:table-properties></style:style><style:style style:name="Таблица1.A" style:family="table-column"><style:table-column-properties style:column-width="14.538cm"/></style:style><style:style style:name="Таблица1.B" style:family="table-column"><style:table-column-properties style:column-width="2.925cm"/></style:style><style:style style:name="Таблица1.A1" style:family="table-cell"><style:table-cell-properties style:vertical-align="middle" fo:padding="0.049cm" fo:border="none"/></style:style><style:style style:name="Таблица1.2" style:family="table-row"><style:table-row-properties style:min-row-height="1.475cm"/></style:style><style:style style:name="Таблица1.A3" style:family="table-cell"><style:table-cell-properties fo:padding="0.049cm" fo:border="none"/></style:style><style:style style:name="Таблица1.A4" style:family="table-cell"><style:table-cell-properties fo:padding="0.049cm" fo:border="none"/></style:style><style:style style:name="Таблица1.A5" style:family="table-cell"><style:table-cell-properties fo:padding="0.049cm" fo:border="none"/></style:style><style:style style:name="Таблица1.A6" style:family="table-cell"><style:table-cell-properties fo:padding="0.049cm" fo:border="none"/></style:style><style:style style:name="Таблица2" style:family="table"><style:table-properties style:width="17.463cm" fo:break-after="page" table:align="left" fo:background-color="#ffffff"><style:background-image/></style:table-properties></style:style><style:style style:name="Таблица2.A" style:family="table-column"><style:table-column-properties style:column-width="14.536cm"/></style:style><style:style style:name="Таблица2.B" style:family="table-column"><style:table-column-properties style:column-width="2.926cm"/></style:style><style:style style:name="Таблица2.A1" style:family="table-cell"><style:table-cell-properties style:vertical-align="middle" fo:padding="0.049cm" fo:border="none"/></style:style><style:style style:name="Таблица2.2" style:family="table-row"><style:table-row-properties style:min-row-height="1.475cm"/></style:style><style:style style:name="Таблица2.A3" style:family="table-cell"><style:table-cell-properties fo:padding="0.049cm" fo:border="none"/></style:style><style:style style:name="Таблица2.A4" style:family="table-cell"><style:table-cell-properties fo:padding="0.049cm" fo:border="none"/></style:style><style:style style:name="Таблица2.A5" style:family="table-cell"><style:table-cell-properties fo:padding="0.049cm" fo:border="none"/></style:style><style:style style:name="Таблица2.A6" style:family="table-cell"><style:table-cell-properties fo:padding="0.049cm" fo:border="none"/></style:style><style:style style:name="Таблица3" style:family="table"><style:table-properties style:width="17.463cm" table:align="left" fo:background-color="#ffffff"><style:background-image/></style:table-properties></style:style><style:style style:name="Таблица3.A" style:family="table-column"><style:table-column-properties style:column-width="14.538cm"/></style:style><style:style style:name="Таблица3.B" style:family="table-column"><style:table-column-properties style:column-width="2.925cm"/></style:style><style:style style:name="Таблица3.A1" style:family="table-cell"><style:table-cell-properties style:vertical-align="middle" fo:padding="0.049cm" fo:border="none"/></style:style><style:style style:name="Таблица3.2" style:family="table-row"><style:table-row-properties style:min-row-height="1.475cm"/></style:style><style:style style:name="Таблица3.A3" style:family="table-cell"><style:table-cell-properties fo:padding="0.049cm" fo:border="none"/></style:style><style:style style:name="Таблица3.A4" style:family="table-cell"><style:table-cell-properties fo:padding="0.049cm" fo:border="none"/></style:style><style:style style:name="Таблица3.A5" style:family="table-cell"><style:table-cell-properties fo:padding="0.049cm" fo:border="none"/></style:style><style:style style:name="Таблица3.A6" style:family="table-cell"><style:table-cell-properties fo:padding="0.049cm" fo:border="none"/></style:style><style:style style:name="Таблица4" style:family="table"><style:table-properties style:width="17.463cm" fo:break-after="page" table:align="left" fo:background-color="#ffffff"><style:background-image/></style:table-properties></style:style><style:style style:name="Таблица4.A" style:family="table-column"><style:table-column-properties style:column-width="14.526cm"/></style:style><style:style style:name="Таблица4.B" style:family="table-column"><style:table-column-properties style:column-width="2.937cm"/></style:style><style:style style:name="Таблица4.A1" style:family="table-cell"><style:table-cell-properties style:vertical-align="middle" fo:padding="0.049cm" fo:border="none"/></style:style><style:style style:name="Таблица4.2" style:family="table-row"><style:table-row-properties style:min-row-height="1.475cm"/></style:style><style:style style:name="Таблица4.A3" style:family="table-cell"><style:table-cell-properties fo:padding="0.049cm" fo:border="none"/></style:style><style:style style:name="Таблица4.A4" style:family="table-cell"><style:table-cell-properties fo:padding="0.049cm" fo:border="none"/></style:style><style:style style:name="Таблица4.A5" style:family="table-cell"><style:table-cell-properties fo:padding="0.049cm" fo:border="none"/></style:style><style:style style:name="Таблица4.A6" style:family="table-cell"><style:table-cell-properties fo:padding="0.049cm" fo:border="none"/></style:style><style:style style:name="Таблица5" style:family="table"><style:table-properties style:width="17.463cm" table:align="left" fo:background-color="#ffffff"><style:background-image/></style:table-properties></style:style><style:style style:name="Таблица5.A" style:family="table-column"><style:table-column-properties style:column-width="14.534cm"/></style:style><style:style style:name="Таблица5.B" style:family="table-column"><style:table-column-properties style:column-width="2.928cm"/></style:style><style:style style:name="Таблица5.A1" style:family="table-cell"><style:table-cell-properties style:vertical-align="middle" fo:padding="0.049cm" fo:border="none"/></style:style><style:style style:name="Таблица5.2" style:family="table-row"><style:table-row-properties style:min-row-height="1.475cm"/></style:style><style:style style:name="Таблица5.A3" style:family="table-cell"><style:table-cell-properties fo:padding="0.049cm" fo:border="none"/></style:style><style:style style:name="Таблица5.A4" style:family="table-cell"><style:table-cell-properties fo:padding="0.049cm" fo:border="none"/></style:style><style:style style:name="Таблица5.A5" style:family="table-cell"><style:table-cell-properties fo:padding="0.049cm" fo:border="none"/></style:style><style:style style:name="Таблица5.A6" style:family="table-cell"><style:table-cell-properties fo:padding="0.049cm" fo:border="none"/></style:style><style:style style:name="Таблица6" style:family="table"><style:table-properties style:width="17.463cm" fo:break-after="page" table:align="left" fo:background-color="#ffffff"><style:background-image/></style:table-properties></style:style><style:style style:name="Таблица6.A" style:family="table-column"><style:table-column-properties style:column-width="14.538cm"/></style:style><style:style style:name="Таблица6.B" style:family="table-column"><style:table-column-properties style:column-width="2.925cm"/></style:style><style:style style:name="Таблица6.A1" style:family="table-cell"><style:table-cell-properties style:vertical-align="middle" fo:padding="0.049cm" fo:border="none"/></style:style><style:style style:name="Таблица6.2" style:family="table-row"><style:table-row-properties style:min-row-height="1.475cm"/></style:style><style:style style:name="Таблица6.A3" style:family="table-cell"><style:table-cell-properties fo:padding="0.049cm" fo:border="none"/></style:style><style:style style:name="Таблица6.A4" style:family="table-cell"><style:table-cell-properties fo:padding="0.049cm" fo:border="none"/></style:style><style:style style:name="Таблица6.A5" style:family="table-cell"><style:table-cell-properties fo:padding="0.049cm" fo:border="none"/></style:style><style:style style:name="Таблица6.A6" style:family="table-cell"><style:table-cell-properties fo:padding="0.049cm" fo:border="none"/></style:style><style:style style:name="Таблица7" style:family="table"><style:table-properties style:width="17.463cm" table:align="left" fo:background-color="#ffffff"><style:background-image/></style:table-properties></style:style><style:style style:name="Таблица7.A" style:family="table-column"><style:table-column-properties style:column-width="14.534cm"/></style:style><style:style style:name="Таблица7.B" style:family="table-column"><style:table-column-properties style:column-width="2.928cm"/></style:style><style:style style:name="Таблица7.A1" style:family="table-cell"><style:table-cell-properties style:vertical-align="middle" fo:padding="0.049cm" fo:border="none"/></style:style><style:style style:name="Таблица7.2" style:family="table-row"><style:table-row-properties style:min-row-height="1.475cm"/></style:style><style:style style:name="Таблица7.A3" style:family="table-cell"><style:table-cell-properties fo:padding="0.049cm" fo:border="none"/></style:style><style:style style:name="Таблица7.A4" style:family="table-cell"><style:table-cell-properties fo:padding="0.049cm" fo:border="none"/></style:style><style:style style:name="Таблица7.A5" style:family="table-cell"><style:table-cell-properties fo:padding="0.049cm" fo:border="none"/></style:style><style:style style:name="Таблица7.A6" style:family="table-cell"><style:table-cell-properties fo:padding="0.049cm" fo:border="none"/></style:style><style:style style:name="Таблица8" style:family="table"><style:table-properties style:width="17.463cm" fo:break-after="page" table:align="left" fo:background-color="#ffffff"><style:background-image/></style:table-properties></style:style><style:style style:name="Таблица8.A" style:family="table-column"><style:table-column-properties style:column-width="14.489cm"/></style:style><style:style style:name="Таблица8.B" style:family="table-column"><style:table-column-properties style:column-width="2.974cm"/></style:style><style:style style:name="Таблица8.A1" style:family="table-cell"><style:table-cell-properties style:vertical-align="middle" fo:padding="0.049cm" fo:border="none"/></style:style><style:style style:name="Таблица8.2" style:family="table-row"><style:table-row-properties style:min-row-height="1.475cm"/></style:style><style:style style:name="Таблица8.A3" style:family="table-cell"><style:table-cell-properties fo:padding="0.049cm" fo:border="none"/></style:style><style:style style:name="Таблица8.A4" style:family="table-cell"><style:table-cell-properties fo:padding="0.049cm" fo:border="none"/></style:style><style:style style:name="Таблица8.A5" style:family="table-cell"><style:table-cell-properties fo:padding="0.049cm" fo:border="none"/></style:style><style:style style:name="Таблица8.A6" style:family="table-cell"><style:table-cell-properties fo:padding="0.049cm" fo:border="none"/></style:style><style:style style:name="Таблица9" style:family="table"><style:table-properties style:width="17.463cm" table:align="left" fo:background-color="#ffffff"><style:background-image/></style:table-properties></style:style><style:style style:name="Таблица9.A" style:family="table-column"><style:table-column-properties style:column-width="14.536cm"/></style:style><style:style style:name="Таблица9.B" style:family="table-column"><style:table-column-properties style:column-width="2.926cm"/></style:style><style:style style:name="Таблица9.A1" style:family="table-cell"><style:table-cell-properties style:vertical-align="middle" fo:padding="0.049cm" fo:border="none"/></style:style><style:style style:name="Таблица9.2" style:family="table-row"><style:table-row-properties style:min-row-height="1.475cm"/></style:style><style:style style:name="Таблица9.A3" style:family="table-cell"><style:table-cell-properties fo:padding="0.049cm" fo:border="none"/></style:style><style:style style:name="Таблица9.A4" style:family="table-cell"><style:table-cell-properties fo:padding="0.049cm" fo:border="none"/></style:style><style:style style:name="Таблица9.A5" style:family="table-cell"><style:table-cell-properties fo:padding="0.049cm" fo:border="none"/></style:style><style:style style:name="Таблица9.A6" style:family="table-cell"><style:table-cell-properties fo:padding="0.049cm" fo:border="none"/></style:style><style:style style:name="P1" style:family="paragraph" style:parent-style-name="Table_20_Contents"><style:paragraph-properties fo:text-align="center" style:justify-single-word="false"/></style:style><style:style style:name="P2" style:family="paragraph" style:parent-style-name="Table_20_Contents"><style:paragraph-properties fo:margin-left="0.529cm" fo:margin-right="0cm" fo:margin-top="0.026cm" fo:margin-bottom="0.529cm" loext:contextual-spacing="false" fo:text-indent="0cm" style:auto-text-indent="false"/></style:style><style:style style:name="P3" style:family="paragraph" style:parent-style-name="Table_20_Contents"><style:paragraph-properties fo:margin-left="0.529cm" fo:margin-right="0.529cm" fo:margin-top="0.529cm" fo:margin-bottom="0.529cm" loext:contextual-spacing="false" fo:text-indent="0cm" style:auto-text-indent="false"/></style:style><style:style style:name="P4" style:family="paragraph" style:parent-style-name="Table_20_Contents"><style:paragraph-properties fo:margin-left="0.529cm" fo:margin-right="0.529cm" fo:margin-top="0.529cm" fo:margin-bottom="0.529cm" loext:contextual-spacing="false" fo:text-align="center" style:justify-single-word="false" fo:text-indent="0cm" style:auto-text-indent="false"/></style:style><style:style style:name="P5" style:family="paragraph" style:parent-style-name="Text_20_body"><style:paragraph-properties fo:margin-top="0.026cm" fo:margin-bottom="0cm" loext:contextual-spacing="false"/></style:style><style:style style:name="P6" style:family="paragraph" style:parent-style-name="Heading_20_2" style:master-page-name="HTML"><style:paragraph-properties style:page-number="auto"/></style:style><style:style style:name="T1" style:family="text"><style:text-properties style:text-underline-style="solid" style:text-underline-width="auto" style:text-underline-color="font-color"/></style:style></office:automatic-styles><office:body><office:text text:use-soft-page-breaks="true"><text:sequence-decls><text:sequence-decl text:display-outline-level="0" text:name="Illustration"/><text:sequence-decl text:display-outline-level="0" text:name="Table"/><text:sequence-decl text:display-outline-level="0" text:name="Text"/><text:sequence-decl text:display-outline-level="0" text:name="Drawing"/></text:sequence-decls><text:h text:style-name="P6" text:outline-level="2">Экзаменационные билеты</text:h><table:table table:name="Таблица1" table:style-name="Таблица1"><table:table-column table:style-name="Таблица1.A"/><table:table-column table:style-name="Таблица1.B"/><table:table-row><table:table-cell table:style-name="Таблица1.A1" table:number-columns-spanned="2" office:value-type="string"><text:p text:style-name="P1">МИНИСТЕРСТВО ОБРАЗОВАНИЯ И НАУКИ РОСИЙСКОЙ ФЕДЕРАЦИИ</text:p><text:p text:style-name="P1">Федеральное государственное бюджетное образовательное учреждение</text:p><text:p text:style-name="P1">высшего профессионального образования</text:p><text:p text:style-name="P1">«Тихоокеанский Государственный Университет»</text:p></table:table-cell><table:covered-table-cell/></table:table-row><table:table-row table:style-name="Таблица1.2"><table:table-cell table:style-name="Таблица1.A1" table:number-columns-spanned="2" office:value-type="string"><text:p text:style-name="P1">Экзаменационный билет № <text:span text:style-name="T1">1</text:span></text:p></table:table-cell><table:covered-table-cell/></table:table-row><table:table-row table:style-name="Таблица1.2"><table:table-cell table:style-name="Таблица1.A3" table:number-columns-spanned="2" office:value-type="string"><text:p text:style-name="P1">по курсу <text:span text:style-name="T1">Высшая алгебра</text:span></text:p></table:table-cell><table:covered-table-cell/></table:table-row><table:table-row><table:table-cell table:style-name="Таблица1.A4" table:number-columns-spanned="2" office:value-type="string"><text:p text:style-name="P2">1. Returns a list of <draw:frame draw:style-name="fr1" draw:name="Объект1" text:anchor-type="as-char" svg:y="-0.437cm" svg:width="1.893cm" svg:height="0.529cm" draw:z-index="0"><draw:object xlink:href="./Object A1" xlink:type="simple" xlink:show="embed" xlink:actuate="onLoad"/><draw:image xlink:href="./ObjectReplacements/Object A1" xlink:type="simple" xlink:show="embed" xlink:actuate="onLoad"/></draw:frame>the names of all the files and directories</text:p></table:table-cell><table:covered-table-cell/></table:table-row><table:table-row><table:table-cell table:style-name="Таблица1.A5" table:number-columns-spanned="2" office:value-type="string"><text:p text:style-name="P2">2. The name filter, file <draw:frame draw:style-name="fr1" draw:name="Объект1" text:anchor-type="as-char" svg:y="-0.377cm" svg:width="1.166cm" svg:height="0.467cm" draw:z-index="0"><draw:object xlink:href="./Object A6" xlink:type="simple" xlink:show="embed" xlink:actuate="onLoad"/><draw:image xlink:href="./ObjectReplacements/Object A6" xlink:type="simple" xlink:show="embed" xlink:actuate="onLoad"/></draw:frame> attribute filter, and sorting specification can be overridden using the nameFilters, filters, and sort arguments.</text:p></table:table-cell><table:covered-table-cell/></table:table-row><table:table-row><table:table-cell table:style-name="Таблица1.A6" table:number-columns-spanned="2" office:value-type="string"><text:p text:style-name="P2">3. Parentheses allow us to <draw:frame draw:style-name="fr1" draw:name="Объект1" text:anchor-type="as-char" svg:y="-0.437cm" svg:width="1.496cm" svg:height="0.529cm" draw:z-index="0"><draw:object xlink:href="./Object A14" xlink:type="simple" xlink:show="embed" xlink:actuate="onLoad"/><draw:image xlink:href="./ObjectReplacements/Object A14" xlink:type="simple" xlink:show="embed" xlink:actuate="onLoad"/></draw:frame> group elements together so that we can quantify and capture them.</text:p></table:table-cell><table:covered-table-cell/></table:table-row><table:table-row><table:table-cell table:style-name="Таблица1.A1" office:value-type="string"><text:p text:style-name="P4">Зав. кафедрой Высшая алгебра__________Иванов А.П.</text:p></table:table-cell><table:table-cell table:style-name="Таблица1.A1" office:value-type="string"><text:p text:style-name="P3">дата</text:p></table:table-cell></table:table-row></table:table><text:p text:style-name="P5"/><table:table table:name="Таблица2" table:style-name="Таблица2"><table:table-column table:style-name="Таблица2.A"/><table:table-column table:style-name="Таблица2.B"/><table:table-row><table:table-cell table:style-name="Таблица2.A1" table:number-columns-spanned="2" office:value-type="string"><text:p text:style-name="P1">МИНИСТЕРСТВО ОБРАЗОВАНИЯ И НАУКИ РОСИЙСКОЙ ФЕДЕРАЦИИ</text:p><text:p text:style-name="P1">Федеральное государственное бюджетное образовательное учреждение</text:p><text:p text:style-name="P1">высшего профессионального образования</text:p><text:p text:style-name="P1">«Тихоокеанский Государственный Университет»</text:p></table:table-cell><table:covered-table-cell/></table:table-row><table:table-row table:style-name="Таблица2.2"><table:table-cell table:style-name="Таблица2.A1" table:number-columns-spanned="2" office:value-type="string"><text:p text:style-name="P1">Экзаменационный билет № <text:span text:style-name="T1">2</text:span></text:p></table:table-cell><table:covered-table-cell/></table:table-row><table:table-row table:style-name="Таблица2.2"><table:table-cell table:style-name="Таблица2.A3" table:number-columns-spanned="2" office:value-type="string"><text:p text:style-name="P1">по курсу <text:span text:style-name="T1">Высшая алгебра</text:span></text:p></table:table-cell><table:covered-table-cell/></table:table-row><table:table-row><table:table-cell table:style-name="Таблица2.A4" table:number-columns-spanned="2" office:value-type="string"><text:p text:style-name="P2">1. Copies the file fileName to newName. Returns true if successful; otherwise returns false.</text:p></table:table-cell><table:covered-table-cell/></table:table-row><table:table-row><table:table-cell table:style-name="Таблица2.A5" table:number-columns-spanned="2" office:value-type="string"><text:p text:style-name="P2">2. Returns an empty list if the <draw:frame draw:style-name="fr1" draw:name="Объект2" text:anchor-type="as-char" svg:y="-0.377cm" svg:width="0.547cm" svg:height="0.467cm" draw:z-index="1"><draw:object xlink:href="./Object A7" xlink:type="simple" xlink:show="embed" xlink:actuate="onLoad"/><draw:image xlink:href="./ObjectReplacements/Object A7" xlink:type="simple" xlink:show="embed" xlink:actuate="onLoad"/></draw:frame> directory is unreadable, does not exist, or if nothing matches the specification.</text:p></table:table-cell><table:covered-table-cell/></table:table-row><table:table-row><table:table-cell table:style-name="Таблица2.A6" table:number-columns-spanned="2" office:value-type="string"><text:p text:style-name="P2">3. If the rename <draw:frame draw:style-name="fr1" draw:name="Объект2" text:anchor-type="as-char" svg:y="-0.377cm" svg:width="2.785cm" svg:height="0.467cm" draw:z-index="1"><draw:object xlink:href="./Object A15" xlink:type="simple" xlink:show="embed" xlink:actuate="onLoad"/><draw:image xlink:href="./ObjectReplacements/Object A15" xlink:type="simple" xlink:show="embed" xlink:actuate="onLoad"/></draw:frame> operation fails, Qt will attempt to copy this file&amp;apos;s contents to newName, and then remove this file, keeping only newName.</text:p></table:table-cell><table:covered-table-cell/></table:table-row><table:table-row><table:table-cell table:style-name="Таблица2.A1" office:value-type="string"><text:p text:style-name="P4">Зав. кафедрой Высшая алгебра__________Иванов А.П.</text:p></table:table-cell><table:table-cell table:style-name="Таблица2.A1" office:value-type="string"><text:p text:style-name="P3">дата</text:p></table:table-cell></table:table-row></table:table><text:p text:style-name="P5"><text:soft-page-break/></text:p><table:table table:name="Таблица3" table:style-name="Таблица3"><table:table-column table:style-name="Таблица3.A"/><table:table-column table:style-name="Таблица3.B"/><table:table-row><table:table-cell table:style-name="Таблица3.A1" table:number-columns-spanned="2" office:value-type="string"><text:p text:style-name="P1">МИНИСТЕРСТВО ОБРАЗОВАНИЯ И НАУКИ РОСИЙСКОЙ ФЕДЕРАЦИИ</text:p><text:p text:style-name="P1">Федеральное государственное бюджетное образовательное учреждение</text:p><text:p text:style-name="P1">высшего профессионального образования</text:p><text:p text:style-name="P1">«Тихоокеанский Государственный Университет»</text:p></table:table-cell><table:covered-table-cell/></table:table-row><table:table-row table:style-name="Таблица3.2"><table:table-cell table:style-name="Таблица3.A1" table:number-columns-spanned="2" office:value-type="string"><text:p text:style-name="P1">Экзаменационный билет № <text:span text:style-name="T1">3</text:span></text:p></table:table-cell><table:covered-table-cell/></table:table-row><table:table-row table:style-name="Таблица3.2"><table:table-cell table:style-name="Таблица3.A3" table:number-columns-spanned="2" office:value-type="string"><text:p text:style-name="P1">по курсу <text:span text:style-name="T1">Высшая алгебра</text:span></text:p></table:table-cell><table:covered-table-cell/></table:table-row><table:table-row><table:table-cell table:style-name="Таблица3.A4" table:number-columns-spanned="2" office:value-type="string"><text:p text:style-name="P2">1. Returns the Unicode version of the given localFileName.</text:p></table:table-cell><table:covered-table-cell/></table:table-row><table:table-row><table:table-cell table:style-name="Таблица3.A5" table:number-columns-spanned="2" office:value-type="string"><text:p text:style-name="P2">2. The attribute filter and sorting <draw:frame draw:style-name="fr1" draw:name="Объект3" text:anchor-type="as-char" svg:y="-0.402cm" svg:width="1.004cm" svg:height="0.52cm" draw:z-index="2"><draw:object xlink:href="./Object A8" xlink:type="simple" xlink:show="embed" xlink:actuate="onLoad"/><draw:image xlink:href="./ObjectReplacements/Object A8" xlink:type="simple" xlink:show="embed" xlink:actuate="onLoad"/></draw:frame> specifications can be overridden using the filters and sort arguments.</text:p></table:table-cell><table:covered-table-cell/></table:table-row><table:table-row><table:table-cell table:style-name="Таблица3.A6" table:number-columns-spanned="2" office:value-type="string"><text:p text:style-name="P2">3. If that copy operation <draw:frame draw:style-name="fr1" draw:name="Объект3" text:anchor-type="as-char" svg:y="-0.437cm" svg:width="1.893cm" svg:height="0.529cm" draw:z-index="2"><draw:object xlink:href="./Object A16" xlink:type="simple" xlink:show="embed" xlink:actuate="onLoad"/><draw:image xlink:href="./ObjectReplacements/Object A16" xlink:type="simple" xlink:show="embed" xlink:actuate="onLoad"/></draw:frame> fails or this file can&amp;apos;t be removed, the destination file newName is removed to restore the old state.</text:p></table:table-cell><table:covered-table-cell/></table:table-row><table:table-row><table:table-cell table:style-name="Таблица3.A1" office:value-type="string"><text:p text:style-name="P4">Зав. кафедрой Высшая алгебра__________Иванов А.П.</text:p></table:table-cell><table:table-cell table:style-name="Таблица3.A1" office:value-type="string"><text:p text:style-name="P3">дата</text:p></table:table-cell></table:table-row></table:table><text:p text:style-name="P5"/><table:table table:name="Таблица4" table:style-name="Таблица4"><table:table-column table:style-name="Таблица4.A"/><table:table-column table:style-name="Таблица4.B"/><table:table-row><table:table-cell table:style-name="Таблица4.A1" table:number-columns-spanned="2" office:value-type="string"><text:p text:style-name="P1">МИНИСТЕРСТВО ОБРАЗОВАНИЯ И НАУКИ РОСИЙСКОЙ ФЕДЕРАЦИИ</text:p><text:p text:style-name="P1">Федеральное государственное бюджетное образовательное учреждение</text:p><text:p text:style-name="P1">высшего профессионального образования</text:p><text:p text:style-name="P1">«Тихоокеанский Государственный Университет»</text:p></table:table-cell><table:covered-table-cell/></table:table-row><table:table-row table:style-name="Таблица4.2"><table:table-cell table:style-name="Таблица4.A1" table:number-columns-spanned="2" office:value-type="string"><text:p text:style-name="P1">Экзаменационный билет № <text:span text:style-name="T1">4</text:span></text:p></table:table-cell><table:covered-table-cell/></table:table-row><table:table-row table:style-name="Таблица4.2"><table:table-cell table:style-name="Таблица4.A3" table:number-columns-spanned="2" office:value-type="string"><text:p text:style-name="P1">по курсу <text:span text:style-name="T1">Высшая алгебра</text:span></text:p></table:table-cell><table:covered-table-cell/></table:table-row><table:table-row><table:table-cell table:style-name="Таблица4.A4" table:number-columns-spanned="2" office:value-type="string"><text:p text:style-name="P2">1. Converts fileName to the local 8-bit encoding determined by the user&amp;apos;s locale.</text:p></table:table-cell><table:covered-table-cell/></table:table-row><table:table-row><table:table-cell table:style-name="Таблица4.A5" table:number-columns-spanned="2" office:value-type="string"><text:p text:style-name="P2">2. Unless name contains an absolute file path, the file name is assumed to be relative to the directory itself, so this function is typically used to <draw:frame draw:style-name="fr1" draw:name="Объект4" text:anchor-type="as-char" svg:y="-0.437cm" svg:width="1.893cm" svg:height="0.529cm" draw:z-index="3"><draw:object xlink:href="./Object A9" xlink:type="simple" xlink:show="embed" xlink:actuate="onLoad"/><draw:image xlink:href="./ObjectReplacements/Object A9" xlink:type="simple" xlink:show="embed" xlink:actuate="onLoad"/></draw:frame> check for the presence of files within a directory.</text:p></table:table-cell><table:covered-table-cell/></table:table-row><table:table-row><table:table-cell table:style-name="Таблица4.A6" table:number-columns-spanned="2" office:value-type="string"><text:p text:style-name="P2">3. Renames the file oldName to newName. Returns true if successful; otherwise returns false.</text:p></table:table-cell><table:covered-table-cell/></table:table-row><table:table-row><table:table-cell table:style-name="Таблица4.A1" office:value-type="string"><text:p text:style-name="P4">Зав. кафедрой Высшая алгебра__________Иванов А.П.</text:p></table:table-cell><table:table-cell table:style-name="Таблица4.A1" office:value-type="string"><text:p text:style-name="P3">дата</text:p></table:table-cell></table:table-row></table:table><text:p text:style-name="P5"><text:soft-page-break/></text:p><table:table table:name="Таблица5" table:style-name="Таблица5"><table:table-column table:style-name="Таблица5.A"/><table:table-column table:style-name="Таблица5.B"/><table:table-row><table:table-cell table:style-name="Таблица5.A1" table:number-columns-spanned="2" office:value-type="string"><text:p text:style-name="P1">МИНИСТЕРСТВО ОБРАЗОВАНИЯ И НАУКИ РОСИЙСКОЙ ФЕДЕРАЦИИ</text:p><text:p text:style-name="P1">Федеральное государственное бюджетное образовательное учреждение</text:p><text:p text:style-name="P1">высшего профессионального образования</text:p><text:p text:style-name="P1">«Тихоокеанский Государственный Университет»</text:p></table:table-cell><table:covered-table-cell/></table:table-row><table:table-row table:style-name="Таблица5.2"><table:table-cell table:style-name="Таблица5.A1" table:number-columns-spanned="2" office:value-type="string"><text:p text:style-name="P1">Экзаменационный билет № <text:span text:style-name="T1">5</text:span></text:p></table:table-cell><table:covered-table-cell/></table:table-row><table:table-row table:style-name="Таблица5.2"><table:table-cell table:style-name="Таблица5.A3" table:number-columns-spanned="2" office:value-type="string"><text:p text:style-name="P1">по курсу <text:span text:style-name="T1">Высшая алгебра</text:span></text:p></table:table-cell><table:covered-table-cell/></table:table-row><table:table-row><table:table-cell table:style-name="Таблица5.A4" table:number-columns-spanned="2" office:value-type="string"><text:p text:style-name="P2">1. This is sufficient for <draw:frame draw:style-name="fr1" draw:name="Объект2" text:anchor-type="as-char" svg:y="-0.437cm" svg:width="1.496cm" svg:height="0.529cm" draw:z-index="1"><draw:object xlink:href="./Object A2" xlink:type="simple" xlink:show="embed" xlink:actuate="onLoad"/><draw:image xlink:href="./ObjectReplacements/Object A2" xlink:type="simple" xlink:show="embed" xlink:actuate="onLoad"/></draw:frame> file names that the user chooses. File names hard-coded into the application should only use 7-bit ASCII filename characters.</text:p></table:table-cell><table:covered-table-cell/></table:table-row><table:table-row><table:table-cell table:style-name="Таблица5.A5" table:number-columns-spanned="2" office:value-type="string"><text:p text:style-name="P2">2. Returns true if the directory exists; otherwise returns false. (If a file with the same name is found this function will return false).</text:p></table:table-cell><table:covered-table-cell/></table:table-row><table:table-row><table:table-cell table:style-name="Таблица5.A6" table:number-columns-spanned="2" office:value-type="string"><text:p text:style-name="P2">3. Sets fileName <draw:frame draw:style-name="fr1" draw:name="Объект4" text:anchor-type="as-char" svg:y="-0.377cm" svg:width="1.005cm" svg:height="0.467cm" draw:z-index="3"><draw:object xlink:href="./Object A17" xlink:type="simple" xlink:show="embed" xlink:actuate="onLoad"/><draw:image xlink:href="./ObjectReplacements/Object A17" xlink:type="simple" xlink:show="embed" xlink:actuate="onLoad"/></draw:frame> to size (in bytes) sz. Returns true if the file if the resize succeeds; false otherwise.</text:p></table:table-cell><table:covered-table-cell/></table:table-row><table:table-row><table:table-cell table:style-name="Таблица5.A1" office:value-type="string"><text:p text:style-name="P4">Зав. кафедрой Высшая алгебра__________Иванов А.П.</text:p></table:table-cell><table:table-cell table:style-name="Таблица5.A1" office:value-type="string"><text:p text:style-name="P3">дата</text:p></table:table-cell></table:table-row></table:table><text:p text:style-name="P5"/><table:table table:name="Таблица6" table:style-name="Таблица6"><table:table-column table:style-name="Таблица6.A"/><table:table-column table:style-name="Таблица6.B"/><table:table-row><table:table-cell table:style-name="Таблица6.A1" table:number-columns-spanned="2" office:value-type="string"><text:p text:style-name="P1">МИНИСТЕРСТВО ОБРАЗОВАНИЯ И НАУКИ РОСИЙСКОЙ ФЕДЕРАЦИИ</text:p><text:p text:style-name="P1">Федеральное государственное бюджетное образовательное учреждение</text:p><text:p text:style-name="P1">высшего профессионального образования</text:p><text:p text:style-name="P1">«Тихоокеанский Государственный Университет»</text:p></table:table-cell><table:covered-table-cell/></table:table-row><table:table-row table:style-name="Таблица6.2"><table:table-cell table:style-name="Таблица6.A1" table:number-columns-spanned="2" office:value-type="string"><text:p text:style-name="P1">Экзаменационный билет № <text:span text:style-name="T1">6</text:span></text:p></table:table-cell><table:covered-table-cell/></table:table-row><table:table-row table:style-name="Таблица6.2"><table:table-cell table:style-name="Таблица6.A3" table:number-columns-spanned="2" office:value-type="string"><text:p text:style-name="P1">по курсу <text:span text:style-name="T1">Высшая алгебра</text:span></text:p></table:table-cell><table:covered-table-cell/></table:table-row><table:table-row><table:table-cell table:style-name="Таблица6.A4" table:number-columns-spanned="2" office:value-type="string"><text:p text:style-name="P2">1. Returns true if the file specified by fileName exists; otherwise returns false.</text:p></table:table-cell><table:covered-table-cell/></table:table-row><table:table-row><table:table-cell table:style-name="Таблица6.A5" table:number-columns-spanned="2" office:value-type="string"><text:p text:style-name="P2">2. The overload of this function that accepts <draw:frame draw:style-name="fr1" draw:name="Объект5" text:anchor-type="as-char" svg:y="-0.432cm" svg:width="0.998cm" svg:height="0.861cm" draw:z-index="4"><draw:object xlink:href="./Object A10" xlink:type="simple" xlink:show="embed" xlink:actuate="onLoad"/><draw:image xlink:href="./ObjectReplacements/Object A10" xlink:type="simple" xlink:show="embed" xlink:actuate="onLoad"/></draw:frame> an argument is used to test for the presence of files and directories within a directory.</text:p></table:table-cell><table:covered-table-cell/></table:table-row><table:table-row><table:table-cell table:style-name="Таблица6.A6" table:number-columns-spanned="2" office:value-type="string"><text:p text:style-name="P2">3. If sz is larger than fileName <draw:frame draw:style-name="fr1" draw:name="Объект5" text:anchor-type="as-char" svg:y="-0.847cm" svg:width="0.439cm" svg:height="0.937cm" draw:z-index="4"><draw:object xlink:href="./Object A18" xlink:type="simple" xlink:show="embed" xlink:actuate="onLoad"/><draw:image xlink:href="./ObjectReplacements/Object A18" xlink:type="simple" xlink:show="embed" xlink:actuate="onLoad"/></draw:frame> currently is the new bytes will be set to 0, if sz is smaller the file is simply truncated.</text:p></table:table-cell><table:covered-table-cell/></table:table-row><table:table-row><table:table-cell table:style-name="Таблица6.A1" office:value-type="string"><text:p text:style-name="P4">Зав. кафедрой Высшая алгебра__________Иванов А.П.</text:p></table:table-cell><table:table-cell table:style-name="Таблица6.A1" office:value-type="string"><text:p text:style-name="P3">дата</text:p></table:table-cell></table:table-row></table:table><text:p text:style-name="P5"><text:soft-page-break/></text:p><table:table table:name="Таблица7" table:style-name="Таблица7"><table:table-column table:style-name="Таблица7.A"/><table:table-column table:style-name="Таблица7.B"/><table:table-row><table:table-cell table:style-name="Таблица7.A1" table:number-columns-spanned="2" office:value-type="string"><text:p text:style-name="P1">МИНИСТЕРСТВО ОБРАЗОВАНИЯ И НАУКИ РОСИЙСКОЙ ФЕДЕРАЦИИ</text:p><text:p text:style-name="P1">Федеральное государственное бюджетное образовательное учреждение</text:p><text:p text:style-name="P1">высшего профессионального образования</text:p><text:p text:style-name="P1">«Тихоокеанский Государственный Университет»</text:p></table:table-cell><table:covered-table-cell/></table:table-row><table:table-row table:style-name="Таблица7.2"><table:table-cell table:style-name="Таблица7.A1" table:number-columns-spanned="2" office:value-type="string"><text:p text:style-name="P1">Экзаменационный билет № <text:span text:style-name="T1">7</text:span></text:p></table:table-cell><table:covered-table-cell/></table:table-row><table:table-row table:style-name="Таблица7.2"><table:table-cell table:style-name="Таблица7.A3" table:number-columns-spanned="2" office:value-type="string"><text:p text:style-name="P1">по курсу <text:span text:style-name="T1">Высшая алгебра</text:span></text:p></table:table-cell><table:covered-table-cell/></table:table-row><table:table-row><table:table-cell table:style-name="Таблица7.A4" table:number-columns-spanned="2" office:value-type="string"><text:p text:style-name="P2">1. Creates a link named linkName that points to the file fileName. What a link is depends on the underlying filesystem (be it a shortcut on Windows or a symbolic link on Unix).</text:p></table:table-cell><table:covered-table-cell/></table:table-row><table:table-row><table:table-cell table:style-name="Таблица7.A5" table:number-columns-spanned="2" office:value-type="string"><text:p text:style-name="P2">2. <text:bookmark text:name="filePath"/>Returns the path name of a file in the <draw:frame draw:style-name="fr1" draw:name="Объект6" text:anchor-type="as-char" svg:y="-0.377cm" svg:width="1cm" svg:height="0.467cm" draw:z-index="5"><draw:object xlink:href="./Object A11" xlink:type="simple" xlink:show="embed" xlink:actuate="onLoad"/><draw:image xlink:href="./ObjectReplacements/Object A11" xlink:type="simple" xlink:show="embed" xlink:actuate="onLoad"/></draw:frame> directory. Does not check if the file actually exists in the directory.</text:p></table:table-cell><table:covered-table-cell/></table:table-row><table:table-row><table:table-cell table:style-name="Таблица7.A6" table:number-columns-spanned="2" office:value-type="string"><text:p text:style-name="P2">3. Sets the name of the file. The name can have no path, a relative path, or an absolute path.</text:p></table:table-cell><table:covered-table-cell/></table:table-row><table:table-row><table:table-cell table:style-name="Таблица7.A1" office:value-type="string"><text:p text:style-name="P4">Зав. кафедрой Высшая алгебра__________Иванов А.П.</text:p></table:table-cell><table:table-cell table:style-name="Таблица7.A1" office:value-type="string"><text:p text:style-name="P3">дата</text:p></table:table-cell></table:table-row></table:table><text:p text:style-name="P5"/><table:table table:name="Таблица8" table:style-name="Таблица8"><table:table-column table:style-name="Таблица8.A"/><table:table-column table:style-name="Таблица8.B"/><table:table-row><table:table-cell table:style-name="Таблица8.A1" table:number-columns-spanned="2" office:value-type="string"><text:p text:style-name="P1">МИНИСТЕРСТВО ОБРАЗОВАНИЯ И НАУКИ РОСИЙСКОЙ ФЕДЕРАЦИИ</text:p><text:p text:style-name="P1">Федеральное государственное бюджетное образовательное учреждение</text:p><text:p text:style-name="P1">высшего профессионального образования</text:p><text:p text:style-name="P1">«Тихоокеанский Государственный Университет»</text:p></table:table-cell><table:covered-table-cell/></table:table-row><table:table-row table:style-name="Таблица8.2"><table:table-cell table:style-name="Таблица8.A1" table:number-columns-spanned="2" office:value-type="string"><text:p text:style-name="P1">Экзаменационный билет № <text:span text:style-name="T1">8</text:span></text:p></table:table-cell><table:covered-table-cell/></table:table-row><table:table-row table:style-name="Таблица8.2"><table:table-cell table:style-name="Таблица8.A3" table:number-columns-spanned="2" office:value-type="string"><text:p text:style-name="P1">по курсу <text:span text:style-name="T1">Высшая алгебра</text:span></text:p></table:table-cell><table:covered-table-cell/></table:table-row><table:table-row><table:table-cell table:style-name="Таблица8.A4" table:number-columns-spanned="2" office:value-type="string"><text:p text:style-name="P2">1. Opens the existing file handle <draw:frame draw:style-name="fr1" draw:name="Объект3" text:anchor-type="as-char" svg:y="-0.437cm" svg:width="1.496cm" svg:height="0.529cm" draw:z-index="2"><draw:object xlink:href="./Object A3" xlink:type="simple" xlink:show="embed" xlink:actuate="onLoad"/><draw:image xlink:href="./ObjectReplacements/Object A3" xlink:type="simple" xlink:show="embed" xlink:actuate="onLoad"/></draw:frame> fh in the given mode. handleFlags <draw:frame draw:style-name="fr1" draw:name="Объект4" text:anchor-type="as-char" svg:y="-0.377cm" svg:width="0.94cm" svg:height="0.467cm" draw:z-index="3"><draw:object xlink:href="./Object A4" xlink:type="simple" xlink:show="embed" xlink:actuate="onLoad"/><draw:image xlink:href="./ObjectReplacements/Object A4" xlink:type="simple" xlink:show="embed" xlink:actuate="onLoad"/></draw:frame> may be used to specify additional options.</text:p></table:table-cell><table:covered-table-cell/></table:table-row><table:table-row><table:table-cell table:style-name="Таблица8.A5" table:number-columns-spanned="2" office:value-type="string"><text:p text:style-name="P2">2. The returned string may be the <draw:frame draw:style-name="fr1" draw:name="Объект7" text:anchor-type="as-char" svg:y="-0.377cm" svg:width="0.87cm" svg:height="0.467cm" draw:z-index="6"><draw:object xlink:href="./Object A12" xlink:type="simple" xlink:show="embed" xlink:actuate="onLoad"/><draw:image xlink:href="./ObjectReplacements/Object A12" xlink:type="simple" xlink:show="embed" xlink:actuate="onLoad"/></draw:frame> same as the argument on some operating systems, for example on Unix.</text:p></table:table-cell><table:covered-table-cell/></table:table-row><table:table-row><table:table-cell table:style-name="Таблица8.A6" table:number-columns-spanned="2" office:value-type="string"><text:p text:style-name="P2">3. If the file name has <draw:frame draw:style-name="fr1" draw:name="Объект6" text:anchor-type="as-char" svg:y="-0.386cm" svg:width="1.348cm" svg:height="0.506cm" draw:z-index="5"><draw:object xlink:href="./Object A19" xlink:type="simple" xlink:show="embed" xlink:actuate="onLoad"/><draw:image xlink:href="./ObjectReplacements/Object A19" xlink:type="simple" xlink:show="embed" xlink:actuate="onLoad"/></draw:frame>no path or a relative path, the path used will be the application&amp;apos;s current directory path at the time of the.</text:p></table:table-cell><table:covered-table-cell/></table:table-row><table:table-row><table:table-cell table:style-name="Таблица8.A1" office:value-type="string"><text:p text:style-name="P4">Зав. кафедрой Высшая алгебра__________Иванов А.П.</text:p></table:table-cell><table:table-cell table:style-name="Таблица8.A1" office:value-type="string"><text:p text:style-name="P3">дата</text:p></table:table-cell></table:table-row></table:table><text:p text:style-name="P5"><text:soft-page-break/></text:p><table:table table:name="Таблица9" table:style-name="Таблица9"><table:table-column table:style-name="Таблица9.A"/><table:table-column table:style-name="Таблица9.B"/><table:table-row><table:table-cell table:style-name="Таблица9.A1" table:number-columns-spanned="2" office:value-type="string"><text:p text:style-name="P1">МИНИСТЕРСТВО ОБРАЗОВАНИЯ И НАУКИ РОСИЙСКОЙ ФЕДЕРАЦИИ</text:p><text:p text:style-name="P1">Федеральное государственное бюджетное образовательное учреждение</text:p><text:p text:style-name="P1">высшего профессионального образования</text:p><text:p text:style-name="P1">«Тихоокеанский Государственный Университет»</text:p></table:table-cell><table:covered-table-cell/></table:table-row><table:table-row table:style-name="Таблица9.2"><table:table-cell table:style-name="Таблица9.A1" table:number-columns-spanned="2" office:value-type="string"><text:p text:style-name="P1">Экзаменационный билет № <text:span text:style-name="T1">9</text:span></text:p></table:table-cell><table:covered-table-cell/></table:table-row><table:table-row table:style-name="Таблица9.2"><table:table-cell table:style-name="Таблица9.A3" table:number-columns-spanned="2" office:value-type="string"><text:p text:style-name="P1">по курсу <text:span text:style-name="T1">Высшая алгебра</text:span></text:p></table:table-cell><table:covered-table-cell/></table:table-row><table:table-row><table:table-cell table:style-name="Таблица9.A4" table:number-columns-spanned="2" office:value-type="string"><text:p text:style-name="P2">1. Opens the existing file <draw:frame draw:style-name="fr1" draw:name="Объект5" text:anchor-type="as-char" svg:y="-0.813cm" svg:width="3.734cm" svg:height="1.228cm" draw:z-index="4"><draw:object xlink:href="./Object A5" xlink:type="simple" xlink:show="embed" xlink:actuate="onLoad"/><draw:image xlink:href="./ObjectReplacements/Object A5" xlink:type="simple" xlink:show="embed" xlink:actuate="onLoad"/></draw:frame> descriptor fd in the given mode. handleFlags may be used to specify additional options.</text:p></table:table-cell><table:covered-table-cell/></table:table-row><table:table-row><table:table-cell table:style-name="Таблица9.A5" table:number-columns-spanned="2" office:value-type="string"><text:p text:style-name="P2">2. Under Windows this function will return the <draw:frame draw:style-name="fr1" draw:name="Объект8" text:anchor-type="as-char" svg:y="-0.614cm" svg:width="0.833cm" svg:height="0.984cm" draw:z-index="7"><draw:object xlink:href="./Object A13" xlink:type="simple" xlink:show="embed" xlink:actuate="onLoad"/><draw:image xlink:href="./ObjectReplacements/Object A13" xlink:type="simple" xlink:show="embed" xlink:actuate="onLoad"/></draw:frame> directory of the current user&amp;apos;s profile. Typically, this is.</text:p></table:table-cell><table:covered-table-cell/></table:table-row><table:table-row><table:table-cell table:style-name="Таблица9.A6" table:number-columns-spanned="2" office:value-type="string"><text:p text:style-name="P2">3. Sets the permissions <draw:frame draw:style-name="fr1" draw:name="Объект7" text:anchor-type="as-char" svg:y="-0.714cm" svg:width="3.33cm" svg:height="1.143cm" draw:z-index="6"><draw:object xlink:href="./Object A20" xlink:type="simple" xlink:show="embed" xlink:actuate="onLoad"/><draw:image xlink:href="./ObjectReplacements/Object A20" xlink:type="simple" xlink:show="embed" xlink:actuate="onLoad"/></draw:frame>for the file to the permissions specified. Returns true if successful, or false if the permissions cannot be modified.</text:p></table:table-cell><table:covered-table-cell/></table:table-row><table:table-row><table:table-cell table:style-name="Таблица9.A1" office:value-type="string"><text:p text:style-name="P4">Зав. кафедрой Высшая алгебра__________Иванов А.П.</text:p></table:table-cell><table:table-cell table:style-name="Таблица9.A1" office:value-type="string"><text:p text:style-name="P3">дата</text:p></table:table-cell></table:table-row></table:table><text:p text:style-name="Text_20_body"/></office:text></office:body></office:document-content>